CO_POSICAO,SG_AREA,CO_ITEM,TX_GABARITO,CO_HABILIDADE,IN_ITEM_ABAN,TX_MOTIVO_ABAN,NU_PARAM_A,NU_PARAM_B,NU_PARAM_C,TX_COR,CO_PROVA,TP_LINGUA,IN_ITEM_ADAPTADO,ANO,theta_065,imagAPI,OCRSearch,theta_080,theta_099,PercentEspAcerto
108,CN,85606,B,"1,0",0,,"2,97674","1,69468","0,29489",CINZA,PROVA CINZA,,"0,0",2020,"669,4595813751221",https://niedsonemanoel.com.br/enem/An%C3%A1lise%20de%20Itens/OrdenarPorTri/1.%20Itens%20BNI_/85606.png,"Questão 108 7 VIDE
Os fones de ouvido tradicionais transmitem a músi
diretamente para os nossos ouvidos. Já os modelos
dotados de tecnologia redutora de ruído — Cancelamento
de Ruído (CR) — além de transmitirem música, também
reduzem todo ruído inconsistente à nossa volta, como
o barulho de turbinas de avião e aspiradores de pó. Os
fones de ouvido CR não reduzem realmente barulhos
irregulares como discursos e choros de bebês. Mesmo
assim, a supressão do ronco das turbinas do avião
contribui para reduzir a “fadiga de ruído”, um cansaço
persistente provocado pela exposição a um barulho alto
por horas a fio. Esses aparelhos também permitem que
nós ouçamos músicas ou assistamos a vídeos no trem ou
no avião a um volume muito menor (e mais seguro).
Depto eee sobr eso em: 24 a 201 (apa
A tecnologia redutora de ruído CR utilizada na produção
de fones de ouvido baseia-se em qual fenômeno
ondulatório?

","700,5922794342041","811,9552135467529","64,74"
26,CN,59984,B,"2,0",0,,"2,74706","0,58752","0,17362",CINZA,PROVA CINZA PPL REAPLICACAO,,"0,0",2017,"558,7499141693115",https://niedsonemanoel.com.br/enem/An%C3%A1lise%20de%20Itens/OrdenarPorTri/1.%20Itens%20BNI_/59984.png,"QUESTÃO 116

Os distúrbios por deficiência de iodo (DDI) são
fenômenos naturais e permanentes amplamente
distribuídos em várias regiões do mundo. Populações
que vivem em áreas deficientes em iodo têm o
risco de apresentar os distúrbios causados por
essa deficiência, cujos impactos sobre os níveis de
desenvolvimento humano, social e econômico são
muito graves. No Brasil, vigora uma lei que obriga
os produtores de sal de cozinha a incluírem em seu
produto certa quantidade de iodeto de potássio.

Essa inclusão visa prevenir problemas em qual glândula
humana?

O Hipófise.
O Tireoide.
O Pâncreas.
O Suprarrenal.
Q Paratireoide.
","600,3110408782959","719,0077304840088","58,68"
103,CN,95507,B,"3,0",0,,"1,61069","0,9877","0,20411",CINZA,PROVA CINZA PPL REAPLICACAO,,"0,0",2022,"598,7851619720459",https://niedsonemanoel.com.br/enem/An%C3%A1lise%20de%20Itens/OrdenarPorTri/1.%20Itens%20BNI_/95507.png,"QUESTÃO 103

Uma prática que os brasileiros costumam realizar é
a degustação de doces em compotas. O conhecimento
popular indica que não é aceitável deixar o mesmo
talher usado na degustação e levado à boca dentro
da compoteira aberta, em contato com o doce. Essa
indicação se deve ao fato de que o doce, no pensamento
popular, poderá azedar.

Essa prática popular encontra respaldo no pensamento
científico, uma vez que o doce realmente poderá azedar
em razão da

oxidação do doce pelo contato com o ar.
contaminação por microrganismos, que irão fermentáio.
ação das enzimas salivares que foram transferidas
para o doce após a degustação.

evaporação dos conservantes que mantêm a solução
da compota em equilibrio químico.

degradação dos componentes doces da compota em
reação com compostos químicos do talher

o o 000
","666,550874710083","869,7240352630615","60,21"
91,CN,31244,C,"4,0",0,,"2,91476","1,12362","0,11243",CINZA,PROVA CINZA,,"0,0",2020,"612,3607158660889",https://niedsonemanoel.com.br/enem/An%C3%A1lise%20de%20Itens/OrdenarPorTri/1.%20Itens%20BNI_/31244.png,"Questão 91
A fragmentação dos hábitats é caracterizada pela
formação de ilhas da paisagem original, circundadas
por áreas transformadas. Esse tipo de interferência no
ambiente ameaça a biodiversidade. Imagine que uma
população de onças foi isolada em uma mata pequena.
Elas se extinguiriam mesmo sem terem sido abatidas.
Diversos componentes da ilha de hábitat, como o
tamanho, a heterogeneidade, o seu entorno, a sua
conectividade e o efeito de borda são determinantes para
a persistência ou não das espécies originais.
Umamedida que auxiliana conservação da biodiversidade
nas ilhas mencionadas no texto compreende a
formação de micro-hábitats.
ampliação do efeito de borda.
construção de corredores ecológicos.
promoção da sucessão ecológi
introdução de novas espécies de animais e vegetais.

0000
","654,7276973724365","765,876054763794","55,62"
113,CN,89498,C,"5,0",0,,"2,1205","2,22819","0,24515",CINZA,PROVA CINZA PPL REAPLICACAO,,"0,0",2022,"722,8248119354248",https://niedsonemanoel.com.br/enem/An%C3%A1lise%20de%20Itens/OrdenarPorTri/1.%20Itens%20BNI_/89498.png,"QUESTÃO 113

Em virtude do frio intenso, um casal adquire uma
tomeira elétrica para instalar na cozinha. Um eletricista
é contratado para fazer um novo circuito elétrico para a
cozinha, cuja corrente será de 30 A, com a finalidade de
alimentar os terminais da tomeira elétrica. Ele utilizou
um par de fios de cobre, de área da seção reta igual a
4 mê e de 28 m de comprimento total, desde o quadro
de distribuição (onde ficam os disjuntores) até a cozinha.
A tensão medida na saída do quadro de distribuição é
220 V. Considere que a resistividade do fio de cobre é de
1740"" 0:m.

Considerando a resistência da fiação, a tensão aplicada
aos terminais da torneira é mais próxima de

mv.
213V.
216V.
219V.
220V.

vovo
","770,9376811981201","926,100492477417","62,26"
118,CN,53548,D,"6,0",0,,"0,29544","3,80025","0,02691",CINZA,PROVA CINZA,,"0,0",2020,"880,0880908966064",https://niedsonemanoel.com.br/enem/An%C3%A1lise%20de%20Itens/OrdenarPorTri/1.%20Itens%20BNI_/53548.png,"Questão 118 7 el
Os manuais de refrigerador apresentam a
recomendação de que o equipamento não deve ser
instalado próximo a fontes de calor, como fogão e
aquecedores, ou em local onde incida diretamente a
luz do sol. A instalação em local inadequado prejudica
o funcionamento do refrigerador e aumenta o consumo
de energia.
O não atendimento dessa recomendação resulta em
aumento do consumo de energia porque

O o fluxo de calor por condução no condensador sofre
considerável redução.

O a temperatura da substância refrigerante no
condensador diminui mais rapidamente.

O o fluxo de calor promove significativa elevação da
temperatura no interior do refrigerador.

O a liquefação da substância refrigerante no
condensador exige mais trabalho do compressor.

O as correntes de convecção nas proximidades do
“condensador ocorrem com maior dificuldade.
","1337,6729488372805","2426,044225692749","51,35"
120,CN,78655,C,"7,0",0,,"0,50541","0,95758","0,04207",CINZA,PROVA CINZA,,"0,0",2020,"595,7286357879639",https://niedsonemanoel.com.br/enem/An%C3%A1lise%20de%20Itens/OrdenarPorTri/1.%20Itens%20BNI_/78655.png,"Questão 120 7
A Torre Eiffel, com seus 324 metros de altura, feita
com treliças de ferro, pesava 7 300 toneladas quando
terminou de ser construída em 1889. Um arquiteto
resolve construir um protótipo dessa torre em escala
1:100, usando os mesmos materiais (cada dimensão
linear em escala de 1:100 do monumento real).
Considere que a torre real tenha uma massa My,
e exerça na fundação sobre a qual foi erguida uma
pressão P,  .. O modelo construído pelo arquiteto terá
uma massa M, qo € exercerá uma pressão P uu

Como a pressão exercida pela torre se compara com a
pressão exercida pelo protótipo? Ou seja, qual é a razão
entre as pressões (P,.eM(Pnode) ?

10º

0!

10?

10º

108

Voos
","859,3599796295166","1496,3524341583252","52,1"
113,CN,76029,D,"8,0",0,,"1,57501","2,57259","0,3311",Cinza,PROVA CINZA,,"0,0",2018,"757,2405338287354",https://niedsonemanoel.com.br/enem/An%C3%A1lise%20de%20Itens/OrdenarPorTri/1.%20Itens%20BNI_/76029.png,"QUESTÃO 113

A hidroxilamina (NH,OH) é extremamente reativa
em reações de substituição nucieofílica, justificando
sua utilização em diversos processos. A reação de
substituição nucieofílica entre o anidrido acético e a
hidroxilamina está representada.

Produto 8

O produto A é favorecido em relação ao B, por um
fator de 10º. Em um estudo de possível substituição
do uso de hidroxilamina, foram testadas as móleculas
numeradas de 1a 5.

Oy TA, ""am o. Ho,
H Ne H I I

1 2 3 4 5
","811,359167098999","1023,1606960296632","66,55"
99,CN,62289,D,"9,0",0,,"1,51059","1,777","0,06851",Cinza,PROVA CINZA,,"0,0",2018,"677,7136325836182",https://niedsonemanoel.com.br/enem/An%C3%A1lise%20de%20Itens/OrdenarPorTri/1.%20Itens%20BNI_/62289.png,"QUESTÃO 99

O alemão Fritz Haber recebeu o Prêmio Nobel de
química de 1918 pelo desenvolvimento de um processo
viável para a sintese da amônia (NH.). Em seu discurso
de premiação, Haber justificou a importância do feito
dizendo que:

“Desde a metade do século passado, tomou-se
“conhecido que um suprimento de nitrogênio é uma
necessidade básica para o aumento das safras de
alimentos; entretanto, também se sabia que as plantas
não podem absorver o nitrogênio em sua forma simples,
que é o principal constituinte da atmosfera. Elas precisam
que o nitrogênio seja combinado [..] para poderem
assimilá-lo.

Economias agrícolas basicamente mantêm o balanço
do nitrogênio ligado. No entanto, com o advento da era
industrial, os produtos do solo são levados de onde cresce
a colheita para lugares distantes, onde são consumidos,
fazendo com que o nitrogênio ligado não retome à terra
da qual foi retirado.

Isso tem gerado a necessidade econômica mundial
de abastecer o solo com nitrogênio ligado. [..] A demanda
por nitrogênio, tal como a do carvão, indica quão diferente
nosso modo de vida se tornou com relação ao das
pessoas que, com seus próprios corpos, fertiizam o solo
que cultivam.

Desde a metade do último século, nós vinhamos
aproveitando o suprimento de nitrogênio do salitre que
a natureza tinha depositado nos desertos montanhosos
do Chile. Comparando o rápido crescimento da demanda
com a extensão calculada desses depósitos, ficou
claro que em meados do século atual uma emergência
seríssima seria inevitável, a menos que a química
encontrasse uma saída.

HARE The Synthesis ot Amon tr Elmer
Deportes o Ro em 31
De acordo com os argumentos de Haber, qual fenômeno
teria provocado o desequilbrio no “balanço do nitrogênio
ligado?
O O esgotamento das reservas de salitre no Chile
O O aumento da exploração de carvão vegetal e carvão
mineral.
O A redução da fertilidade do solo nas economias
agrícolas.
o
e

A intensificação no fluxo de pessoas do campo para
as cidades,

A necessidade das plantas de absorverem sais de
nitrogênio disponíveis no solo.
","763,5443210601807","977,1459102630616","53,43"
108,CN,60311,E,"10,0",0,,"2,79351","0,15609","0,14102",Cinza,PROVA CINZA,,"0,0",2019,"515,6080722808838",https://niedsonemanoel.com.br/enem/An%C3%A1lise%20de%20Itens/OrdenarPorTri/1.%20Itens%20BNI_/60311.png,"Questão 108

A poluição radioativa compreende mais de
200 nuclídeos, sendo que, do ponto de vista de impacto
ambiental, destacam-se o césio-137 e o estrôncio-90.
A maior contribuição de radionuclídeos antropogênicos.
no meio marinho ocorreu durante as décadas de 1950
e 1960, como resultado dos testes nucleares realizados
na atmosfera. O estrôncio-90 pode se acumular nos
organismos vivos e em cadeias alimentares e, em
razão de sua semelhança química, pode participar no
equilíbrio com carbonato e substituir o cálcio em diversos.
processos biológicos.
FIGUEIRA, RC. L: CUNHA, 1 L.L A contaminação dos oceanos por
radionulideos anropogênicos. Quimica Nova, n. 21, 1986 (adaptado)
Ao entrar numa cadeia alimentar da qual o homem
faz parte, em qual tecido do organismo humano o
estrôncio-90 será acumulado predominantemente?

O Cartiaginoso.
O Sanguineo.
O Muscular.
O Nervoso.

€ Ósseo.
","558,2921504974365","674,5998859405518","57,05"
94,CN,111596,D,"11,0",0,,"1,45373","0,03244","0,1846",CINZA,PROVA CINZA PPL REAPLICACAO,,"0,0",2022,"503,2436847686768",https://niedsonemanoel.com.br/enem/An%C3%A1lise%20de%20Itens/OrdenarPorTri/1.%20Itens%20BNI_/111596.png,"QUESTÃO 94

Uma intervenção no meio ambiente tem inquietado
muitos pesquisadores que consideram um risco reviver
uma espécie extinta. Os envolvidos são os mamutes,
paquidermes peludos extintos há milhares de anos. Em
cadáveres de mamutes recuperados de locais como
a Sibéria, estão sendo conduzidas buscas por células
somáticas com núcleos viáveis para, posteriormente,
ser tentada a sua inserção em zigotos anucleados de
elefantes.

COOPER, A. Te Year ot Mamma. PLOS Bion. mar 2006 (adota)

O método citado é denominado clonagem embrionária
porque

O permite a criação de híbridos.
depende da reprodução assistida.

leva à formação de uma nova espécie.

ooo

gera embriões cromossomicamente idênticos ao
parental.

o

está associado com transferência de genes entre
espécies.
","580,5604457855225","805,1412105560303","59,23"
111,CN,37164,A,"12,0",0,,"1,94057","0,13822","0,03732",CINZA,PROVA CINZA PPL REAPLICACAO,,"0,0",2020,"513,8294696807861",https://niedsonemanoel.com.br/enem/An%C3%A1lise%20de%20Itens/OrdenarPorTri/1.%20Itens%20BNI_/37164.png,"Questão 11 Enamonananamoronenam
Os impactos ambientais das usinas hidrelétricas

são motivo de polêmica nas discussões sobre

desenvolvimento sustentável. Embora usualmente

relacionadas ao conceito de “energia limpa” ouassociadas.

à ideia de ""sustentabilidade"", essas usinas podem causar

vários problemas ambientais. Destaca-se a proliferação

de determinadas espécies aquáticas em relação a outras,

ocasionando a perda de diversidade das comunidades de

peixes (ictofauna) do local.

pon ipa ee cb Acaso e 2a. 20 tado

Em um primeiro momento, as mudanças na composição

dessas comunidades devem-se

O às alterações nos hábitats causadas pela construção
das barragens.

O à poluição das águas por substâncias liberadas no
funcionamento da usina.

O ao aumento da concentração de CO, na água
produzido pelo represamento do ro.

O às emissões de gases de efeito estufa pela
decomposição da matéria orgânica submersa.

O aos impactos nas margens da barragem em função
da pressão exercida pela água represada.
","582,7968120574951","748,633623123169","51,87"
117,CN,14273,D,"13,0",0,,"3,90297","2,19782","0,05798",Cinza,PROVA CINZA,,"0,0",2019,"719,7825908660889",https://niedsonemanoel.com.br/enem/An%C3%A1lise%20de%20Itens/OrdenarPorTri/1.%20Itens%20BNI_/14273.png,"Questão 117
Com base nos experimentos de plantas de Mendel, foram estabelecidos três princípios básicos, que são

conhecidos como leis da uniformidade, segregação e distribuição independente. A lei da distribuição independente

refere-se ao fato de que os membros de pares diferentes de genes segregam-se independentemente, uns dos

outros, para a prole.
TURNPENNY, PD. Gonótica médica. Rio de Janeiro: Elsevier, 2009 (adaptado).

Hoje, sabe-se que isso nem sempre é verdade. Por quê?
O A distribuição depende do caráter de dominância ou recessividade do gene.

O Os organismos nem sempre herdam cada um dos genes de cada um dos genitores.

O As alterações cromossômicas podem levar a falhas na segregação durante a meiose.

O Os genes localizados fisicamente próximos no mesmo cromossomo tendem a ser herdados juntos.

€ O cromossomo que contém dois determinados genes pode não sofrer a disjunção na primeira fase da meiose.
","753,373384475708","835,9687328338623","52,9"
130,CN,97520,A,"14,0",0,,"1,54146","-0,03765","0,17419",CINZA,PROVA CINZA PPL REAPLICACAO,,,2021,"496,2365627288818",https://niedsonemanoel.com.br/enem/An%C3%A1lise%20de%20Itens/OrdenarPorTri/1.%20Itens%20BNI_/97520.png,"Questão 130 “enemamr

Em campos limpos do Cerrado, sobressaem cerca de 25 milhões de cupinzeiros com até 2,5 m de altura, que
podem se tornar iluminados nas noites de primavera. Isso ocorre pela bioluminescência em larvas de uma espécie
de vaga-lume que, após eclodirem dos ovos, cavam buracos no cupinzeiro, onde passam a viver. Ao emitirem
intensa luz esverdeada, as larvas atraem insetos alados, dos quais se alimentam.

Parque Nacional as Emas Gar o cao Deponvl em pa tem br Acess em 2 ut 215 (tt

Entre as larvas do vaga-lume e os insetos alados estabelece-se uma relação ecológica de
predação.

inquilinismo.

mutualismo.

parasitismo.

competição.

o
fc]
o
e
","570,2393054962158","781,7833423614502","58,71"
123,CN,55328,B,"15,0",0,,"0,54974","0,97948","0,05877",Cinza,PROVA CINZA,,"0,0",2019,"597,9602336883545",https://niedsonemanoel.com.br/enem/An%C3%A1lise%20de%20Itens/OrdenarPorTri/1.%20Itens%20BNI_/55328.png,"Questão 123

A fluidez da membrana celular é caracterizada pela
capacidade de movimento das moléculas componentes
dessa estrutura. Os seres vivos mantêm essa
propriedade de duas formas: controlando a temperatura
elou alterando a composição lipídica da membrana.
Neste último aspecto, o tamanho e o grau de insaturação
das caudas hidrocarbônicas dos fosfolipídios, conforme
representados na figura, influenciam significativamente
fluidez. Isso porque quanto maior for a magnitude das.
interações entre os fosfolipídios, menor será a fluidez da
membrana.

Representação simplificada da estrutura
de um fosfolipídio

é ga

roca CSS
hidrocarbônicas | a

Assim, existem bicamadas lipídicas com diferentes
composições de fosfolipídios, como as mostradas de Ia V.

Mi nua

Qual das bicamadas lipídicas suit possui
maior fluidez?

o

oi

ein

oiv

ev
","836,2405300140381","1422,6882457733154","52,94"
42,CN,37732,D,"16,0",0,,"2,66587","0,38498","0,17627",CINZA,PROVA CINZA PPL REAPLICACAO,,"0,0",2017,"538,4914875030518",https://niedsonemanoel.com.br/enem/An%C3%A1lise%20de%20Itens/OrdenarPorTri/1.%20Itens%20BNI_/37732.png,"QUESTÃO 132 a

&— alma.

«—8,5a 12m.a.

«—g9a13m.a.

A árvore filogenética representa uma hipótese
evolutiva para a família Hominidae, na qual a sigla
“m.a.” significa “milhões de anos atrás”. As ilustrações
representam, da esquerda para a direita, o orangotango,
o gorila, o ser humano, o chimpanzé e o bonobo.

Disponível em: www nature.com. Acesso em: & dez. 2012 (adaptado).

Considerando a filogenia representada, a maior
similaridade genética será encontrada entre os seres
humanos e:

Gorila e bonobo.

Gorila e chimpanzé.

Gorila e orangotango.

Chimpanzé e bonobo.

Bonobo e orangotango.

VOVos
","581,1636447906494","703,5105228424072","58,81"
109,CN,97761,C,"17,0",0,,"0,8924","1,01697","0,29789",CINZA,PROVA CINZA,,"0,0",2022,"601,6676425933838",https://niedsonemanoel.com.br/enem/An%C3%A1lise%20de%20Itens/OrdenarPorTri/1.%20Itens%20BNI_/97761.png,"QUESTÃO 109

Um grupo de alunos realizou um experimento para
observar algumas propriedades dos ácidos, adicionando
um pedaço de mármore (CaCO,) a uma solução aquosa
de ácido clorídrico (HCI), observando a liberação de um
gás e o aumento da temperatura.

e

O gás obtido no experimento é o:
ou

00,

oco,

o co

ea,

","704,845666885376","1076,5020847320557","64,89"
101,CN,12210,C,"18,0",0,,"1,44775","0,19193","0,21385",Cinza,PROVA CINZA PPL REAPLICACAO,,"0,0",2018,"519,1843509674072",https://niedsonemanoel.com.br/enem/An%C3%A1lise%20de%20Itens/OrdenarPorTri/1.%20Itens%20BNI_/12210.png,"QUESTÃO 101

De acordo com o Ministério da Saúde, a cegueira
notuma ou nictalopia é uma doença caracterizada pela
dificuldade de se enxergar em ambientes com baixa
luminosidade. Sua ocorrência pode estar relacionada
a uma alteração ocular congênita ou a problemas
nutricionais. Com esses sintomas, uma senhora dirigiu-se
ao serviço de saúde e seu médico sugeriu a ingestão de
vegetais ricos em carotenoides, como a cenoura.

Disgohe! em: nilovame sudo gov Acesso em 1 mar 2012 (adesão

Essa indicação médica deve-se ao fato de que os
carotenoides são os precursores de

O hormônios, estimulantes da regeneração celular da
retina.

enzimas, utilizadas na geração de ATP pela
respiração celular.

vitamina A, necessária para a formação de estruturas
fotorreceptoras.

tocoferol, uma vitamina com função na propagação
dos impulsos nervosos

vitamina C, substância antioxidante que diminui a
degeneração de cones e bastonetes.

vo oo
","593,463659286499","819,7801113128662","60,69"
127,CN,61404,E,"19,0",0,,"2,50487","1,90444","0,1037",Cinza,PROVA CINZA PPL REAPLICACAO,,"0,0",2018,"690,4356479644775",https://niedsonemanoel.com.br/enem/An%C3%A1lise%20de%20Itens/OrdenarPorTri/1.%20Itens%20BNI_/61404.png,"QUESTÃO 127

O sulfato de bário (BaSO,) é mundialmente utilizado
na forma de suspensão como contraste em radiografias
de esôfago, estômago e intestino. Por se tratar de um
sal pouco solúvel, quando em meio aquoso estabelece o
seguinte equilibrio:

BaSO, (5) — Ba? (aq) + SO” (aq)

Por causa da toxicidade do bário (Ba*), é desejado
que o contraste não seja absorvido, sendo totalmente
eliminado nas fezes. A eventual absorção de íons Ba,
porém, pode levar a reações adversas ainda nas primeiras
horas após sua administração, como vômito, cólicas,
diarreia, tremores, crises convulsivas e até mesmo a morte.

PEREIRA, LF. Entenda o caso da Intoxicação por Gelobare
Disponível em: wu une; br Acesso em: 20 no 2013 (acaptado

Para garantir a segurança do paciente que fizer uso do
contraste, deve-se preparar essa suspensão em

água destilada.

soro fisiológico.

solução de cloreto de bário, BaCL,

solução de sulfato de bário, BaSO,

solução de sulfato de potássio, K,SO,,

0000
","740,246057510376","869,4736957550049","55,18"
108,CN,59907,A,"20,0",0,,"2,3659","2,02542","0,14126",CINZA,PROVA CINZA,,,2021,"702,5353908538818",https://niedsonemanoel.com.br/enem/An%C3%A1lise%20de%20Itens/OrdenarPorTri/1.%20Itens%20BNI_/59907.png,"Questão 108 enemecor

Duas esferas carregadas com cargas iguais em
módulo e sinais contrários estão ligadas por uma
haste rígida isolante na forma de haltere. O sistema se
movimenta sob ação da gravidade numa região que
tem um campo magnético horizontal uniforme (B), da
esquerda para a direita. A imagem apresenta o sistema
visto de cima para baixo, no mesmo sentido da aceleração
da gravidade (5) que atua na região.

Visto de cima, o diagrama esquemático das forças
magnéticas que atuam no sistema, no momento inicial em
que as cargas penetram na região de campo magnético,
está representado em

|
","752,9251575469971","890,2566432952881","57,06"
131,CN,90304,D,"21,0",0,,"2,17252","1,17266","0,15007",Cinza,PROVA CINZA PPL REAPLICACAO,,"0,0",2018,"617,257833480835",https://niedsonemanoel.com.br/enem/An%C3%A1lise%20de%20Itens/OrdenarPorTri/1.%20Itens%20BNI_/90304.png,"QUESTÃO 131

Para preparar um sopa instantânea, uma pessoa
aquece em um forno micro-ondas 500 g de água em uma
tigela de vidro de 300 g. A temperatura inicial da tigela e da
água era de 6 “C. Com o forno de micro-ondas funcionando
a uma potência de 800 W, a tigela e a água atingiram a
temperatura de 40 “C em 2,5 min. Considere que os
calores específicos do vidro e da sopa são, respectivamente,

ape toçã

,eque 1 cal=424.

Que percentual aproximado da potência usada pelo
micro-ondas é efetivamente convertido em calor para o
aquecimento?

O 11,8%

O 450%

O 571%

O 66,7%

e 784%
","671,5147495269775","821,2106227874756","57,5"
105,CN,111544,A,"22,0",0,,"2,35776","1,39005","0,14902",CINZA,PROVA CINZA,,,2021,"639,0039920806885",https://niedsonemanoel.com.br/enem/An%C3%A1lise%20de%20Itens/OrdenarPorTri/1.%20Itens%20BNI_/111544.png,"Questão 105 enemecar

No outono, as folhas das árvores mudam de cor, de verde para tons de amarelo, castanho, laranja e vermelho.
Acor verde das folhas deve-se ao pigmento clorofila. Nas plantas de folhas caducas, a produção de clorofila diminui e
o tom verde desvanece, permitindo assim que outros pigmentos, como o caroteno, de coloração amarelo-alaranjado,
e a antocianina, de tons avermelhados, passem a dominar a tonalidade das folhas. A coloração observada se dá em
função da interação desses pigmentos com a radiação solar.

Conforme apresentado no espectro de absorção, as moléculas de clorofila absorvem a radiação solar nas
regiões do azul e do vermelho, assim a luz refletida pelas folhas tem falta desses dois tons e as vemos na cor verde.
Já as antocianinas absorvem a luz desde o azul até o verde. Nesse caso, a luz refletida pelas folhas que contêm

antocianinas aparece conforme as cores complementares, ou seja, vermelho-alaranjado.
Espectro de absorção na região do visível Cores complementares.
750,400
Antocianina a Violeta
ã 630 430
2 Laranja Amu
<
590
Amarelo
300 400 500 700 s60 E)

Comprimento de onda (nm)

Doni em his imersos woress com casa em 6 dz 217 (tato
Em qual faixa do espectro visível os carotenos absorvem majoritariamente?

Entre o violeta e o azul.

Entre o azul e o verde.

Entre o verde e o amarelo.

Entre o amarelo e o laranja.

Entre o laranja e o vermelho.

Ooo
","689,0599727630615","826,9803524017334","57,45"
94,CN,59913,D,"23,0",0,,"2,29781","1,5026","0,13077",CINZA,PROVA CINZA,,"0,0",2020,"650,2621173858643",https://niedsonemanoel.com.br/enem/An%C3%A1lise%20de%20Itens/OrdenarPorTri/1.%20Itens%20BNI_/59913.png,"Questão 94 7

Em uma usina geradora de energia elétrica, seja
através de uma queda-d'água ou através de vapor
sob pressão, as pás do gerador são postas a girar.
O movimento relativo de um imã em relação a um
conjunto de bobinas produz um fluxo magnético variável
através delas, gerando uma diferença de potencial em
seus terminais. Durante o funcionamento de um dos
geradores, o operador da usina percebeu que houve um
“aumento inesperado da diferença de potencial elétrico
nos terminais das bobinas.

Nessa situação, o aumento do módulo da diferença de
potencial obtida nos terminais das bobinas resulta do
aumento do(a)

(O intervalo de tempo em que as bobinas ficam imersas no
campo magnético extemo, por meio de uma diminuição
de velocidade no eixo de rotação do gerador.

O fluxo magnético através das bobinas, por meio de
“um aumento em sua área interna exposta ao campo
magnético aplicado.

O intensidade do campo magnético no qual as bobinas
estão imersas, por meio de aplicação de campos
magnéticos mais intensos.

O rapidez com que o fluxo magnético varia através das
bobinas, por meio de um aumento em sua velocidade
angular.

9 resistência intema do condutor que constitui as bobinas,
por meio de um aumento na espessura dos terminais.

","702,8238773345947","844,0725803375244","56,54"
102,CN,18245,A,"24,0",0,,"1,28993","1,68911","0,18495",CINZA,PROVA CINZA PPL REAPLICACAO,,,2021,"668,9207553863525",https://niedsonemanoel.com.br/enem/An%C3%A1lise%20de%20Itens/OrdenarPorTri/1.%20Itens%20BNI_/18245.png,"Questão 102 enema
Os compostos iônicos CaCO, e NaCl têm solubilidades.
muito diferentes em água. Enquanto o carbonato de cálcio,
principal constituinte do mármore, é praticamente insolúvel
em água, o sal de cozinha é muito solúvel. A solubilidade.
de qualquer sal é o resultado do balanço entre a energia
de rede (energia necessária para separar completamente
os Íons do sólido cristalino) e a energia envolvida na
hidratação dos íons dispersos em solução.
Em relação à energia de rede, a menor solubilidade do
primeiro composto é explicada pelo fato de ele apresentar
maior

atração entre seus fons.
densidade do sólido iônico.

energia de ionização do cálcio.
eletronegatividade dos átomos.

o
o
o
O polarizabilidade do ion carbonato.
","756,0007572174072","1009,108304977417","59,25"
119,CN,44969,B,"25,0",0,,"3,07166","1,89127","0,25272",CINZA,PROVA CINZA,,"0,0",2022,"689,133882522583",https://niedsonemanoel.com.br/enem/An%C3%A1lise%20de%20Itens/OrdenarPorTri/1.%20Itens%20BNI_/44969.png,"QUESTÃO 119

O ácido tartárico é o principal ácido do vinho e está diretamente relacionado com sua qualidade. Na avaliação de
um vinho branco em produção, uma analista neutralizou uma alíquota de 25,0 mL do vinho com NaOH a 0,10 mol L-!,
consumindo um volume igual a 8,0 mL dessa base. A reação para esse processo de titulação é representada pela

juação química:
Sauação q oH o o

o
OH + 2NaOH —— ONa + 2H,0
Ho Nao
fo)

oH O OH
Ácido tartárico
(massa molar: 150 g mor"")
A concentração de ácido tartárico no vinho analisado é mais próxima de:
O 1sgL!
O 249""
O 36gL+
O 489!
e 969""

","721,8997478485107","829,1285037994385","62,64"
121,CN,85191,A,"26,0",0,,"2,01969","1,18084","0,20235",Cinza,PROVA CINZA PPL REAPLICACAO,,"0,0",2018,"618,0899143218994",https://niedsonemanoel.com.br/enem/An%C3%A1lise%20de%20Itens/OrdenarPorTri/1.%20Itens%20BNI_/85191.png,"QUESTÃO 121

Sobre a diluição do ácido sulfúrico em água, o químico
e escritor Primo Levi afirma que, “está escrito em todos
os tratados, é preciso operar às avessas, quer dizer,
verter o ácido na água e não o contrário, senão aquele
líquido oleoso de aspecto tão inócuo está sujeito a iras
furibundas: sabem-no até os meninos do ginásio”.
(furbundo: agi, furioso)

LEVA Atabela periódica Rio de Jane Rune mar, 1004 (edepndo

O alerta dado por Levi justifica-se porque a

diluição do ácido libera muito calor.
mistura de água e ácido é explosiva.

água provoca a neutralização do ácido.

mistura final de água e ácido separa-se em fases.

água inibe a liberação dos vapores provenientes
do ácido.

vovo
","672,2848415374756","834,2783451080322","60,12"
36,CN,56286,D,"27,0",0,,"2,88725","2,23369","0,10286",CINZA,PROVA CINZA,,"0,0",2017,"723,3636379241943",https://niedsonemanoel.com.br/enem/An%C3%A1lise%20de%20Itens/OrdenarPorTri/1.%20Itens%20BNI_/56286.png,"QUESTÃO 126 =ezezezezezezecececezezezeme

Partículas microscópicas existentes na atmosfera
funcionam como núcleos de condensação de vapor de
água que, sob condições adequadas de temperatura
e pressão, propiciam a formação das nuvens e
consequentemente das chuvas. No ar atmosférico, tais
partículas são formadas pela reação de ácidos (HX)
com a base NH, de forma natural ou antropogênica,
dando origem a sais de amônio (NH,X), de acordo com a
equação química genérica:

HX (9) + NH, (9) — NH;X (s)

FELIX.E P; CARDOSO, A A Fatores ambientais que afetam  preciptação úmida.
Química Nova na Escola, n. 21, mai 2005 (adaptado

A fixação de moléculas de vapor de água pelos núcleos
de condensação ocorre por

O ligações iônicas.

O interações dipolo-dipolo.

O interações dipolo-dipolo induzido.

O interações ion-dipolo.

O ligações covalentes.
","766,6175365447998","878,7219524383545","55,14"
115,CN,87724,E,"28,0",0,,"1,71388","1,29656","0,10169",Cinza,PROVA CINZA,,"0,0",2018,"629,6436786651611",https://niedsonemanoel.com.br/enem/An%C3%A1lise%20de%20Itens/OrdenarPorTri/1.%20Itens%20BNI_/87724.png,"QUESTÃO 115

A polinização, que viabiliza o transporte do grão de
pólen de uma planta até o estigma de outra, pode ser
realizada biótica ou abioticamente. Nos processos
abióticos, as plantas dependem de fatores como o vento
ea água.

A estratégia evolutiva que resulta em polinização mais
eficiente quando esta depende do vento é o(a)
diminuição do cálice.

alongamento do ovário.

disponibilização do néctar.

intensificação da cor das pétalas.

aumento do número de estames.

0000
","702,6093006134033","891,4439678192139","55,08"
132,CN,7529,D,"29,0",0,,"2,26543","0,62256","0,1662",Cinza,PROVA CINZA,,"0,0",2019,"562,2570514678955",https://niedsonemanoel.com.br/enem/An%C3%A1lise%20de%20Itens/OrdenarPorTri/1.%20Itens%20BNI_/7529.png,"Questão 132

Um alimento orgânico deve apresentar em sua
embalagem o selo de uma instituição certificadora,
garantindo ao consumidor que, além de ser um alimento
isento de agrotóxicos, também é produzido com técnicas
planejadas e controladas. A técnica de produção desses
alimentos causa menor impacto aos recursos naturais,
contribuindo para melhorar a qualidade de vida das
pessoas.

Nesse sistema de produção de alimentos vegetais, o
controle de insetos é manejado por meio do(a)

O prática de adubação verde.

O emprego da compostagem.

O controle da irrigação do solo.

O utilização de predadores naturais.

O uso de sementes inoculadas com Rhizobium.
","613,1689548492432","756,9806575775146","58,31"
2,CN,81945,B,"30,0",0,,"4,28182","0,84553","0,08121",CINZA,PROVA CINZA PPL REAPLICACAO,,"0,0",2017,"584,5515727996826",https://niedsonemanoel.com.br/enem/An%C3%A1lise%20de%20Itens/OrdenarPorTri/1.%20Itens%20BNI_/81945.png,"QUESTÃO 92

Uma mulher deu à luz o seu primeiro filho e, após
o parto, os médicos testaram o sangue da criança para
a determinação de seu grupo sanguíneo. O sangue da
criança era do tipo O+. Imediatamente, a equipe médica
aplicou na mãe uma solução contendo anticorpos anti-Rh,
uma vez que ela tinha o tipo sanguíneo O-

Qual é a função dessa solução de anticorpos?

Modificar o fator Rh do próximo filho.
Destruir as células sanguíneas do bebê

Neutralizar os anticorpos produzidos pela mãe

o

o

& Formar uma memória imunológica na mãe

(D)

O Promover a alteração do tipo sanguíneo materno.
","614,4301891326904","689,8705959320068","54,06"
99,CN,86237,E,"1,0",0,,"3,78568","1,22895","0,13564",CINZA,PROVA CINZA PPL REAPLICACAO,,"0,0",2020,"622,8916645050049",https://niedsonemanoel.com.br/enem/An%C3%A1lise%20de%20Itens/OrdenarPorTri/1.%20Itens%20BNI_/86237.png,"Questão 99 enamoronanesmononenem

Alguns cinemas apresentam uma tecnologia em que
as imagens dos filmes parecem tridimensionais, baseada
na utilização de óculos 3D. Após atravessar cada lente
dos óculos, as ondas luminosas, que compõem as
imagens do filme, emergem vibrando apenas na direção
vertical ou apenas na direção horizontal

Com base nessas informações, o funcionamento dos
óculos 3D ocorre por meio do fenômeno ondulatório de
O difração.

O dispersão.

O reflexão.

O refração.

O polarização.
","654,6061038970947","740,3843402862549","56,78"
117,CN,98108,D,"3,0",0,,"2,76968","0,71695","0,24269",CINZA,PROVA CINZA,,,2021,"571,6865062713623",https://niedsonemanoel.com.br/enem/An%C3%A1lise%20de%20Itens/OrdenarPorTri/1.%20Itens%20BNI_/98108.png,"Questão 117
TEXTO |

No cordel intitulado Senhor dos Anéis, de autoria de
Gonçalo Ferreira da Silva, lê-se a sextilha:

A distância em relação
Ao nosso planeta amado
Pouco menos que a do Sol
Ele está distanciado

E menos denso que a água

Quando no normal estado

MEDEROS A:AGRA, 4 M, A asteri narra do ct
Fica nà Escela 17, ae 2010 (tagneno

enemanor

TEXTO |

Distâncias médias dos planetas ao Sol e suas
densidades médias

pianos | Caia) | reatva média
“Mercúrio 0,39 56
“Vênus 072 s2
“Terra 10 55
“Marte 15 40
“Ceres 28 2
“Júpiter 52 13
“Satumo 96 07
“Urano 19 12
30 17
E) 20
e8 25

Considerando os versos da sextilha e as informações da
tabela, a qual planeta o cordel faz referência?

O Mercúrio.
O Júpiter
O Urano.
O Satumo.
O Neturo.
","608,6962223052979","727,4501323699951","62,13"
106,CN,12112,B,"13,0",0,,"2,65104","0,94064","0,21711",Cinza,PROVA CINZA PPL REAPLICACAO,,"0,0",2018,"594,071626663208",https://niedsonemanoel.com.br/enem/An%C3%A1lise%20de%20Itens/OrdenarPorTri/1.%20Itens%20BNI_/12112.png,"QUESTÃO 106

Do ponto de vista genético, o número de
cromossomos é uma característica marcante de cada
espécie. A goiabeira (Psidium guajava L.), por exemplo,
apresenta como padrão específico 22 cromossomos.
A organização celular do gametófito feminino (saco
embrionário) das flores de Angiospermas é complexa,
sendo formado por um conjunto de oito células que, após
a fecundação, originarão células com diferentes números
cromossômicos. Nesse grupo, as células somáticas
são diploides, as gaméticas são haploides e o tecido de
reserva da semente é triploide.

Durante o ciclo de vida de uma goiabeira, quantos
cromossomos podem ser encontrados, respectivamente,
na oosfera, no zigoto e no endosperma?

02,23
o 1n1,22,33
O 22,44,33
O 1n1,22,44
e 1n1,22,22

","634,4144344329834","758,0583095550537","60,86"
119,CN,14948,B,"17,0",0,,"3,45952","0,01848","0,15628",CINZA,PROVA CINZA PPL REAPLICACAO,,"0,0",2020,"501,8417835235596",https://niedsonemanoel.com.br/enem/An%C3%A1lise%20de%20Itens/OrdenarPorTri/1.%20Itens%20BNI_/14948.png,"Questão 119 DnoTenAmononanamonorenamonorenemoronenemonomenamonomenamonmenam

O uso de equipamentos elétricos custa dinheiro e libera carbono na atmosfera. Entretanto, diferentes usinas de
energia apresentam custos econômicos e ambientais distintos. O gráfico mostra o custo, em centavo de real, e a
quantidade de carbono liberado, dependendo da fonte utilizada para converter energia. Considera-se apenas o custo
da energia produzida depois de instalada a infraestrutura necessária para sua produção.

Quanto custa?

Termoelétrica

Solar [37]
Eólica [23]
Biomassa

Nuclear [13]
Hidrelétrica [SE]

o 50 100 150 200 250 300
[lCentavo E Carbono (9)

CRINCANTE RO vs Vu Superitresano, a 207
Em relação aos custos associados às fontes energéticas apresentadas, a energia obtida a partir do vento é

mais cara que a energia nuclear e emite maior quantidade de carbono.

a segunda fonte mais cara e é livre de emissões de carbono.

mais cara que a energia solar e ambas são livres de emissões de carbono.

mais barata que as demais e emite grandes quantidades de carbono.

a fonte que gera energia mais barata e livre de emissões de carbono.

","535,637617111206","629,7080516815186","57,81"
102,CN,82243,E,"19,0",0,,"1,92924","2,72331","0,17678",CINZA,PROVA CINZA,,"0,0",2020,"772,3324298858643",https://niedsonemanoel.com.br/enem/An%C3%A1lise%20de%20Itens/OrdenarPorTri/1.%20Itens%20BNI_/82243.png,"Questão 102 ManT=ST= Tama oa

Em seu laboratório, um técnico em química foi
incumbido de tratar um resíduo, evitando seu descarte
direto no meio ambiente. Ao encontrar o frasco, observou
a seguinte informação: “Resíduo: mistura de acetato de
etila e água”.

Considere os dados do acetato de etila:
solubilidade em água;

+ Massa específica = 0,9 g cm:

+ Temperatura de fusão = -83“C;

+ Pressão de vapor maior que a da água.
A fim de tratar o resíduo, recuperando o acetato de etila,
o técnico deve

O evaporar o acetato de etila sem alterar o conteúdo de
água.

O fitrar a mistura utilizando um funil comum e um papel
de fitro.

O realizar uma destilação simples para separar a água do
acetato de etila

O proceder a uma centrifugação da mistura para remover
o acetato de etila.

O decantar a mistura separando os dois componentes em

um funil adequado.
","831,2456607818604","1000,3178119659424","58,84"
94,CN,84568,C,"1,0",0,,"2,42831","1,66707","0,29842",Cinza,PROVA CINZA,,"0,0",2019,"666,703462600708",https://niedsonemanoel.com.br/enem/An%C3%A1lise%20de%20Itens/OrdenarPorTri/1.%20Itens%20BNI_/84568.png,"Questão 94

Quando se considera a extrema velocidade com
que a luz se espalha por todos os lados e que, quando
vêm de diferentes lugares, mesmo totalmente opostos,
[os raios luminosos] se atravessam uns aos outros sem
se atrapalharem, compreende-se que, quando vemos
um objeto luminoso, isso não poderia ocorrer pelo
transporte de uma matéria que venha do objeto até nós,
“como uma flecha ou bala atravessa o ar; pois certamente
isso repugna bastante a essas duas propriedades da
luz, principalmente a última.
HUYGENS, C. hn: MARTINS, R A Tratado sobre a uz de Cristian Husgens.
“Gaderno de História o Filosofia da Clância, sup! 4, 1966.

O texto contesta que concepção acerca do
comportamento da luz?

O O entendimento de que a luz precisa de um meio
de propagação, difundido pelos defensores da
existência do éter.

O O modelo ondulatório para a luz, o qual
considera a possibilidade de interferência entre
feixes luminosos.

O O modelo corpuscular defendido por Newton,
que descreve a luz como um feixe de partículas.

A crença na velocidade infinita da luz, defendida

pela maioria dos filósofos gregos.

O A ideia defendida pelos gregos de que a luz era
produzida pelos olhos.
","704,5714855194092","841,1662578582764","64,92"
133,CN,32818,C,"2,0",0,,"1,61135","1,52847","0,12627",Cinza,PROVA CINZA PPL REAPLICACAO,,"0,0",2019,"652,8370380401611",https://niedsonemanoel.com.br/enem/An%C3%A1lise%20de%20Itens/OrdenarPorTri/1.%20Itens%20BNI_/32818.png,"Questão 133

Astrônomos medem a velocidade de afastamento de
galáxias distantes pela detecção da luz emitida por
esses sistemas. A Lei de Hubble afirma que a velocidade
de afastamento de uma galáxia (em sa) é proporcional
à sua distância até a Terra, medida em megaparsec
(Mpc). Nessa lei, a constante de proporcionalidade é a
constante de Hubble (Hg) e seu valor mais aceito é de
72 Sa O parsec (pc) é uma unidade de distância
utilizada em astronomia que vale aproximadamente
3 x 1018 m. Observações astronômicas determinaram
que a velocidade de afastamento de uma determinada
galáxia é de 1440 km

Utilizando a Lei de Hubble, pode-se concluir que a
distância até essa galáxia, medida em km, é igual a:

O 20x10º

o 20x10º

O 6x10%

O ex 10%

e 6x10%
","728,2202243804932","929,5504093170166","56,31"
93,CN,8948,A,"18,0",0,,"1,01623","0,29908","0,14929",CINZA,PROVA CINZA PPL REAPLICACAO,,"0,0",2022,"529,8869609832764",https://niedsonemanoel.com.br/enem/An%C3%A1lise%20de%20Itens/OrdenarPorTri/1.%20Itens%20BNI_/8948.png,"QUESTÃO 93

As figuras mostram dois experimentos. No primeiro,
foram colocados em um frasco e agitados com uma
colher volumes iguais de mel, água, óleo e álcool etílico.
Após alguns minutos, podia-se verificar que o sistema
tinha duas fases (1). No segundo experimento, foram
colocados, lentamente e sem agitação, os mesmos
volumes de mel, água, óleo e álcool etílico. Póde-se
observar que, dependendo da ordem de adição de
cada componente, o sistema permaneceu com quatro
fases (2).

º a

As propriedades de líquidos e soluções que justificam os
resultados obtidos nos experimentos 1 e 2 são

solubilidade e densidade.
densidade e viscosidade.
viscosidade e solubilidade.
miscibilidade e viscosidade.

vo000o

solubilidade e miscibilidade.
","645,9991931915283","965,9974575042723","57,46"
126,CN,48375,C,"25,0",0,,"1,19143","-0,30412","0,19428",CINZA,PROVA CINZA PPL REAPLICACAO,,,2021,"469,5718288421631",https://niedsonemanoel.com.br/enem/An%C3%A1lise%20de%20Itens/OrdenarPorTri/1.%20Itens%20BNI_/48375.png,"Questão 126 enemaar
Para preparar 0 vinho de laranja, caldo de açúcar é
misturado com suco de laranja, e a mistura é passada em
panos para retenção das impurezas. O líquido resultante
é armazenado em garrafões, que são tampados com
rolhas de cortiça. Após oito dias de repouso, as rolhas
são substituídas por ciindros de bambu e, finalmente,
após dois meses em repouso ocorre novamente a troca
dos cilindros de bambu pelas rolhas de cortiça.
RESENDE DR. CASTRO, RA; PRMEIRO, C.O saber pop e aa de qc
“ag de epa alvo praia do un de Ba npeoo ro
“eso és Que Mova na Eco. 292 2010 seio
Os processos físico e químico que ocorrem na fabricação
dessa bebida são, respectivamente,
OO decantação e fervura.
O fitração e decantação.
O fitração e fermentação,
O decantação e precipitação.
Q precipitação e fermentação.

","562,5932216644287","836,9343280792236","59,71"
115,CN,96189,D,"22,0",0,,"2,54149","1,20769","0,21012",CINZA,PROVA CINZA,,"0,0",2022,"620,776891708374",https://niedsonemanoel.com.br/enem/An%C3%A1lise%20de%20Itens/OrdenarPorTri/1.%20Itens%20BNI_/96189.png,"QUESTÃO 115

Oelementoiodo (1) tem função biológica e é acumulado
na tireoide. Nos acidentes nucleares de Chemobyl e
Fukushima, ocorreu a liberação para a atmosfera do
radioisótopo “3! responsável por enfermidades nas
pessoas que foram expostas a ele. O decaimento de uma
massa de 12 microgramas do isótopo “3! foi monitorado
por 14 dias, conforme o quadro.

Tempo (dia) | Massa residual de *:!1 (ug)
120

10,1

85

78

72

0

14 36

Após o período de 40 dias, a massa residual desse
isótopo é mais próxima de

24 49.

1509.

0,8 pg.

04 9.

0249.

olojujajnjo

vovo a
","663,3274555206299","792,1855449676514","60,51"
104,CN,64099,D,"20,0",0,,"2,20036","1,93466","0,24483",CINZA,PROVA CINZA PPL REAPLICACAO,,"0,0",2022,"693,4635639190674",https://niedsonemanoel.com.br/enem/An%C3%A1lise%20de%20Itens/OrdenarPorTri/1.%20Itens%20BNI_/64099.png,"QUESTÃO 104

Esteiras e escadas rolantes são dispositivos que deslocam, a velocidade constante, os objetos neles colocados,
por meio de sistemas de controle com sensores. Quando a massa total do dispositivo varia, seja pelo acréscimo ou
pela retirada de objetos, a ação de forças impulsivas mantém a velocidade constante. Como exemplo, considere que
a massa total diminua de 1 200 kg para 1 000 kg em um intervalo de tempo de 0,10 s, e que, então, seja aplicada uma
força impulsiva constante de 250 N para manter constante a velocidade.

No exemplo mencionado, o valor da velocidade constante do dispositivo rolante é, em 2,
00n 8
0,021

0,025.

0,125.

0,500.

vo000
","739,8645877838135","889,3887996673584","62,24"
129,CN,88674,B,"9,0",0,,"2,66337","1,06727","0,09434",Cinza,PROVA CINZA PPL REAPLICACAO,,"0,0",2019,"606,731653213501",https://niedsonemanoel.com.br/enem/An%C3%A1lise%20de%20Itens/OrdenarPorTri/1.%20Itens%20BNI_/88674.png,"Questão 129

Observe o esquema que ilustra duas situações no
ambiente marinho.

Menor fluxo Maior fluxo
de

jo y
nutrientes nutrientes.
> Lado A Lado B

Disponivel em: vw teachoceanscience net
“Acesso em: 7 jul. 2015 (adaptado.

Qual é o processo responsável pela diminuição da
“concentração de oxigênio no lado B do esquema?

O Lixiviação.

O Eutrofização

O Volatiização

O Fermentação.

O Bioacumulação.
","654,0672779083252","775,496244430542","54,72"
11,CN,25499,B,"5,0",0,,"2,56786","2,05471","0,36085",CINZA,PROVA CINZA PPL REAPLICACAO,,"0,0",2017,"705,46555519104",https://niedsonemanoel.com.br/enem/An%C3%A1lise%20de%20Itens/OrdenarPorTri/1.%20Itens%20BNI_/25499.png,"QUESTÃO 101 5550575070

A capacidade de uma bateria com acumuladores, tal
como a usada no sistema elétrico de um automóvel, é
especificada em ampêre-hora (Ah). Uma bateria de 12 V
e 100 Ah fornece 12 J para cada coulomb de carga que
flui através dela

Se um gerador, de resistência interna desprezível, que
fornece uma potência elétrica média igual a 600 W, fosse
conectado aos terminais da bateria descrita, quanto
tempo ele levaria para recarregá-la completamente?

voo
5
5
","736,0999584197998","866,7652606964111","68,04"
127,CN,39290,E,"8,0",0,,"2,00073","0,8684","0,16452",Cinza,PROVA CINZA,,"0,0",2019,"586,8499279022217",https://niedsonemanoel.com.br/enem/An%C3%A1lise%20de%20Itens/OrdenarPorTri/1.%20Itens%20BNI_/39290.png,"Questão 127

Na família Retroviridae encontram-se diversos vírus
que infectam aves e mamíferos, sendo caracterizada
pela produção de DNA a partir de uma molécula de RNA.
Alguns retrovírus infectam exclusivamente humanos,
não necessitando de outros hospedeiros, reservatórios

prejuízos ao desenvolvimento social e econômico.
Nesse contexto, pesquisadores têm — produzido
medicamentos que contribuem para o tratamento
dessas doenças.

Que avanços tecnológicos têm contribuído para o
tratamento dessas infecções virais?

O Melhoria dos métodos de controle dos vetores
desses vírus.

O Fabricação de soros mutagênicos para combate

desses vírus.

Investimento da indústria em equipamentos de

proteção individual.

Produção de vacinas que evitam a infecção das

células hospedeiras.

Desenvolvimento de antiretrovirais que dificultam

a reprodução desses virus.
","644,6211338043213","807,4276447296143","58,23"
115,CN,10035,C,"16,0",0,,"2,40418","0,72028","0,21294",CINZA,PROVA CINZA,,"0,0",2020,"572,0345973968506",https://niedsonemanoel.com.br/enem/An%C3%A1lise%20de%20Itens/OrdenarPorTri/1.%20Itens%20BNI_/10035.png,"Questão 115

Uma população (momento A) sofre isolamento
em duas subpopulações (momento B) por um fator de
isolamento (1). Passado um tempo, essas subpopulações
apresentam características fenotípicas e genotípicas que
as distinguem (momento C), representadas na figura
pelas tonalidades de cor. O posterior desaparecimento
do fator de isolamento | pode levar, no momento D, às
situações D1 e D2.

ndo f- O”
""DEÊ D-

Tempo
Arepresentação indica que, no momento D, na situação

(9 Di ocorre um novo fator de isolamento geográfico.

O D1 existe uma única população distribuída em
gradiente.

O D1 ocorrem duas populações separadas por
isolamento reprodutivo.

(O D2 coexistem duas populações com características
fenotípicas distintas.

O D2 foram preservadas as mesmas características

fenotípicas da população original A.
","616,8167591094971","753,0848979949951","60,65"
