CO_POSICAO;SG_AREA;CO_ITEM;TX_GABARITO;CO_HABILIDADE;CO_PROVA;IN_ITEM_ABAN;TX_MOTIVO_ABAN;NU_PARAM_A;NU_PARAM_B;NU_PARAM_C;TX_COR;IN_ITEM_ADAPTADO;ANO;IN_ENCCEJA;IN_ENEM;OCRSearch;theta_065;theta_080;theta_099;PercentEspAcerto;imagAPI
17;LC;35833;C;17;Linguagens Branco PPL;0;;0.782;0.9061;0.216;Branco;0;2017;1;0;N/A;590.6097888946533;727.6408672332764;1146.747350692749;60.8;https://niedsonemanoel.com.br/enem/An%C3%A1lise%20de%20Itens/OrdenarPorTri/1.%20Itens%20BNI_/35833.png
3;LC;35840;C;30;Linguagens Branco PPL;0;;0.923;1.0994;0.22;Branco;0;2017;1;0;N/A;609.940767288208;725.292444229126;1080.5575847625732;61.0;https://niedsonemanoel.com.br/enem/An%C3%A1lise%20de%20Itens/OrdenarPorTri/1.%20Itens%20BNI_/35840.png
18;LC;35870;A;13;Linguagens Branco PPL;0;;0.6509;1.4825;0.2439;Branco;0;2017;1;0;N/A;648.2903957366943;805.3605556488037;1310.760259628296;62.2;https://niedsonemanoel.com.br/enem/An%C3%A1lise%20de%20Itens/OrdenarPorTri/1.%20Itens%20BNI_/35870.png
2;LC;35965;A;29;Linguagens Branco PPL;0;;1.268;0.3628;0.1882;Branco;0;2017;1;0;N/A;536.2789630889893;624.4580745697021;882.0431232452393;59.41;https://niedsonemanoel.com.br/enem/An%C3%A1lise%20de%20Itens/OrdenarPorTri/1.%20Itens%20BNI_/35965.png
24;LC;37349;C;5;Linguagens Branco PPL;0;;0.8586;1.6799;0.246;Branco;0;2017;1;0;N/A;667.9909229278564;786.6542339324951;1169.9073314666748;62.3;https://niedsonemanoel.com.br/enem/An%C3%A1lise%20de%20Itens/OrdenarPorTri/1.%20Itens%20BNI_/37349.png
29;CH;38102;C;28;Humanas Azul PPL;0;;0.8674;1.1961;0.1974;Azul;0;2017;1;0;N/A;619.6110248565674;746.7644214630127;1123.7304210662842;59.87;https://niedsonemanoel.com.br/enem/An%C3%A1lise%20de%20Itens/OrdenarPorTri/1.%20Itens%20BNI_/38102.png
12;CN;39029;B;28;Natureza Rosa REGULAR;0;;1.6216;2.6791;0.2699;Rosa;0;2017;1;0;N/A;767.9264545440674;828.0198574066162;1031.6507816314697;63.5;https://niedsonemanoel.com.br/enem/An%C3%A1lise%20de%20Itens/OrdenarPorTri/1.%20Itens%20BNI_/39029.png
6;LC;39705;B;6;Linguagens Branco REGULAR;0;;1.8446;1.7447;0.1661;Branco;0;2017;1;0;N/A;674.4568347930908;737.0083332061768;913.6264324188232;58.3;https://niedsonemanoel.com.br/enem/An%C3%A1lise%20de%20Itens/OrdenarPorTri/1.%20Itens%20BNI_/39705.png
20;CN;41509;B;20;Natureza Rosa PPL;0;;0.7257;4.1042;0.331;Rosa;0;2017;1;0;N/A;910.4197025299072;1027.862310409546;1487.5380992889404;66.55;https://niedsonemanoel.com.br/enem/An%C3%A1lise%20de%20Itens/OrdenarPorTri/1.%20Itens%20BNI_/41509.png
11;LC;41524;B;11;Linguagens Branco REGULAR;0;;1.7788;0.4549;0.1712;Branco;0;2017;1;0;N/A;545.4890727996826;609.8859310150146;793.1439876556396;58.56;https://niedsonemanoel.com.br/enem/An%C3%A1lise%20de%20Itens/OrdenarPorTri/1.%20Itens%20BNI_/41524.png
12;LC;41580;D;20;Linguagens Branco PPL;0;;0.9465;0.8704;0.1943;Branco;0;2017;1;0;N/A;587.0668888092041;704.1089534759521;1049.4415760040283;59.72;https://niedsonemanoel.com.br/enem/An%C3%A1lise%20de%20Itens/OrdenarPorTri/1.%20Itens%20BNI_/41580.png
18;LC;41581;B;18;Linguagens Branco REGULAR;0;;1.1537;2.3457;0.1678;Branco;0;2017;1;0;N/A;734.5693111419678;834.3260288238525;1116.7662143707275;58.39;https://niedsonemanoel.com.br/enem/An%C3%A1lise%20de%20Itens/OrdenarPorTri/1.%20Itens%20BNI_/41581.png
18;CH;56386;C;4;Humanas Azul PPL;0;;0.6731;2.4987;0.2673;Azul;0;2017;1;0;N/A;749.8304843902588;895.4112529754639;1385.7953548431396;63.36;https://niedsonemanoel.com.br/enem/An%C3%A1lise%20de%20Itens/OrdenarPorTri/1.%20Itens%20BNI_/56386.png
14;CH;56470;D;8;Humanas Azul REGULAR;0;;0.7687;3.0411;0.2689;Azul;0;2017;1;0;N/A;804.0754795074463;931.1597347259521;1360.658884048462;63.44;https://niedsonemanoel.com.br/enem/An%C3%A1lise%20de%20Itens/OrdenarPorTri/1.%20Itens%20BNI_/56470.png
28;CH;56475;D;10;Humanas Azul PPL;0;;0.6103;2.2088;0.2194;Azul;0;2017;1;0;N/A;720.879316329956;895.5066204071045;1432.7566623687744;60.97;https://niedsonemanoel.com.br/enem/An%C3%A1lise%20de%20Itens/OrdenarPorTri/1.%20Itens%20BNI_/56475.png
2;CH;56609;C;22;Humanas Azul PPL;0;;1.1779;0.2345;0.1726;Azul;0;2017;1;0;N/A;523.4496593475342;620.5098628997803;897.2971439361572;58.63;https://niedsonemanoel.com.br/enem/An%C3%A1lise%20de%20Itens/OrdenarPorTri/1.%20Itens%20BNI_/56609.png
9;CH;56740;C;14;Humanas Azul REGULAR;0;;2.0638;1.5649;0.1936;Azul;0;2017;1;0;N/A;656.4896106719971;710.2363109588623;868.5986995697021;59.68;https://niedsonemanoel.com.br/enem/An%C3%A1lise%20de%20Itens/OrdenarPorTri/1.%20Itens%20BNI_/56740.png
23;LC;56806;C;23;Linguagens Branco REGULAR;0;;0.7422;1.1917;0.1919;Branco;0;2017;1;0;N/A;619.2033290863037;768.9969539642334;1209.2607021331787;59.6;https://niedsonemanoel.com.br/enem/An%C3%A1lise%20de%20Itens/OrdenarPorTri/1.%20Itens%20BNI_/56806.png
24;LC;56809;C;24;Linguagens Branco REGULAR;0;;0.5461;1.0489;0.2266;Branco;0;2017;1;0;N/A;604.8910617828369;797.7597713470459;1398.7367153167725;61.33;https://niedsonemanoel.com.br/enem/An%C3%A1lise%20de%20Itens/OrdenarPorTri/1.%20Itens%20BNI_/56809.png
11;LC;56829;A;1;Linguagens Branco PPL;0;;1.3171;-0.351;0.2302;Branco;0;2017;1;0;N/A;464.89882469177246;544.3899631500244;793.6875820159912;61.51;https://niedsonemanoel.com.br/enem/An%C3%A1lise%20de%20Itens/OrdenarPorTri/1.%20Itens%20BNI_/56829.png
5;LC;56845;D;23;Linguagens Branco PPL;0;;1.0632;1.9735;0.2169;Branco;0;2017;1;0;N/A;697.373628616333;797.9934215545654;1106.2877178192139;60.85;https://niedsonemanoel.com.br/enem/An%C3%A1lise%20de%20Itens/OrdenarPorTri/1.%20Itens%20BNI_/56845.png
13;LC;57020;A;9;Linguagens Branco REGULAR;0;;1.2355;1.7196;0.1559;Branco;0;2017;1;0;N/A;671.9415187835693;766.6199207305908;1030.015230178833;57.79;https://niedsonemanoel.com.br/enem/An%C3%A1lise%20de%20Itens/OrdenarPorTri/1.%20Itens%20BNI_/57020.png
20;LC;57026;A;12;Linguagens Branco PPL;0;;1.0684;2.1271;0.1808;Branco;0;2017;1;0;N/A;712.7110958099365;818.4854984283447;1123.9283084869385;59.04;https://niedsonemanoel.com.br/enem/An%C3%A1lise%20de%20Itens/OrdenarPorTri/1.%20Itens%20BNI_/57026.png
8;LC;57119;B;23;Linguagens Branco PPL;0;;1.1392;0.6688;0.1946;Branco;0;2017;1;0;N/A;566.8799877166748;664.104700088501;951.0319232940674;59.73;https://niedsonemanoel.com.br/enem/An%C3%A1lise%20de%20Itens/OrdenarPorTri/1.%20Itens%20BNI_/57119.png
9;CH;57217;D;25;Humanas Azul PPL;0;;0.7938;0.7441;0.206;Azul;0;2017;1;0;N/A;574.4092464447021;711.5428447723389;1123.8973140716553;60.3;https://niedsonemanoel.com.br/enem/An%C3%A1lise%20de%20Itens/OrdenarPorTri/1.%20Itens%20BNI_/57217.png
26;CN;57230;D;20;Natureza Rosa PPL;0;;1.017;1.4636;0.2462;Rosa;0;2017;1;0;N/A;646.3592052459717;746.506929397583;1070.0767040252686;62.31;https://niedsonemanoel.com.br/enem/An%C3%A1lise%20de%20Itens/OrdenarPorTri/1.%20Itens%20BNI_/57230.png
22;CH;57236;D;20;Humanas Azul PPL;0;;1.3533;0.9424;0.1404;Azul;0;2017;1;0;N/A;594.2409038543701;682.417631149292;922.4884510040283;57.02;https://niedsonemanoel.com.br/enem/An%C3%A1lise%20de%20Itens/OrdenarPorTri/1.%20Itens%20BNI_/57236.png
12;CH;57259;C;10;Humanas Azul REGULAR;0;;0.9368;0.1873;0.1776;Azul;0;2017;1;0;N/A;518.7289714813232;639.9147510528564;988.1370067596436;58.88;https://niedsonemanoel.com.br/enem/An%C3%A1lise%20de%20Itens/OrdenarPorTri/1.%20Itens%20BNI_/57259.png
20;CH;57309;C;19;Humanas Azul REGULAR;0;;0.7274;0.9755;0.2077;Azul;0;2017;1;0;N/A;597.5143909454346;746.807336807251;1196.8963146209717;60.38;https://niedsonemanoel.com.br/enem/An%C3%A1lise%20de%20Itens/OrdenarPorTri/1.%20Itens%20BNI_/57309.png
26;LC;57427;D;7;Linguagens Branco PPL;0;;0.6555;1.7745;0.2626;Branco;0;2017;1;0;N/A;677.4489879608154;828.2392024993896;1331.4383029937744;63.13;https://niedsonemanoel.com.br/enem/An%C3%A1lise%20de%20Itens/OrdenarPorTri/1.%20Itens%20BNI_/57427.png
8;LC;57454;B;7;Linguagens Branco REGULAR;0;;1.0202;1.1654;0.2915;Branco;0;2017;1;0;N/A;616.5688037872314;708.0070972442627;1032.766580581665;64.58;https://niedsonemanoel.com.br/enem/An%C3%A1lise%20de%20Itens/OrdenarPorTri/1.%20Itens%20BNI_/57454.png
30;LC;57569;A;30;Linguagens Branco REGULAR;0;;1.8742;2.2242;0.2025;Branco;0;2017;1;0;N/A;722.4338054656982;780.8153629302979;955.3878307342529;60.13;https://niedsonemanoel.com.br/enem/An%C3%A1lise%20de%20Itens/OrdenarPorTri/1.%20Itens%20BNI_/57569.png
14;LC;57594;B;14;Linguagens Branco REGULAR;0;;0.8396;1.9922;0.2269;Branco;0;2017;1;0;N/A;699.2499828338623;824.6057033538818;1215.5144214630127;61.35;https://niedsonemanoel.com.br/enem/An%C3%A1lise%20de%20Itens/OrdenarPorTri/1.%20Itens%20BNI_/57594.png
22;CH;57606;D;5;Humanas Azul REGULAR;0;;1.1867;1.1868;0.1123;Azul;0;2017;1;0;N/A;618.6978816986084;722.7532863616943;995.7520961761475;55.62;https://niedsonemanoel.com.br/enem/An%C3%A1lise%20de%20Itens/OrdenarPorTri/1.%20Itens%20BNI_/57606.png
14;CH;57645;C;14;Humanas Azul PPL;0;;1.2342;0.8367;0.1987;Azul;0;2017;1;0;N/A;583.690881729126;672.8594303131104;937.8330707550049;59.94;https://niedsonemanoel.com.br/enem/An%C3%A1lise%20de%20Itens/OrdenarPorTri/1.%20Itens%20BNI_/57645.png
9;LC;57746;A;21;Linguagens Branco PPL;0;;0.9881;0.9504;0.1977;Branco;0;2017;1;0;N/A;595.0157642364502;706.6123485565186;1037.5421047210693;59.88;https://niedsonemanoel.com.br/enem/An%C3%A1lise%20de%20Itens/OrdenarPorTri/1.%20Itens%20BNI_/57746.png
23;LC;57772;A;7;Linguagens Branco PPL;0;;0.9397;1.014;0.197;Branco;0;2017;1;0;N/A;601.40061378479;718.8408374786377;1066.786527633667;59.85;https://niedsonemanoel.com.br/enem/An%C3%A1lise%20de%20Itens/OrdenarPorTri/1.%20Itens%20BNI_/57772.png
27;CH;57859;B;1;Humanas Azul PPL;0;;1.1062;1.4757;0.2262;Azul;0;2017;1;0;N/A;647.5703716278076;742.847204208374;1039.5162105560303;61.31;https://niedsonemanoel.com.br/enem/An%C3%A1lise%20de%20Itens/OrdenarPorTri/1.%20Itens%20BNI_/57859.png
25;LC;57955;A;6;Linguagens Branco PPL;0;;1.2184;0.2108;0.1761;Branco;0;2017;1;0;N/A;521.0607051849365;614.4540309906006;882.148027420044;58.8;https://niedsonemanoel.com.br/enem/An%C3%A1lise%20de%20Itens/OrdenarPorTri/1.%20Itens%20BNI_/57955.png
1;LC;57958;D;28;Linguagens Branco PPL;0;;0.7383;0.7205;0.1443;Branco;0;2017;1;0;N/A;572.0822811126709;732.8765392303467;1173.1045246124268;57.22;https://niedsonemanoel.com.br/enem/An%C3%A1lise%20de%20Itens/OrdenarPorTri/1.%20Itens%20BNI_/57958.png
17;LC;57960;D;20;Linguagens Branco REGULAR;0;;0.9224;1.0991;0.1717;Branco;0;2017;1;0;N/A;609.8835468292236;734.0090274810791;1087.4288082122803;58.58;https://niedsonemanoel.com.br/enem/An%C3%A1lise%20de%20Itens/OrdenarPorTri/1.%20Itens%20BNI_/57960.png
21;LC;57985;B;21;Linguagens Branco REGULAR;0;;0.9662;1.4705;0.2422;Branco;0;2017;1;0;N/A;647.0506191253662;753.2064914703369;1093.5990810394287;62.11;https://niedsonemanoel.com.br/enem/An%C3%A1lise%20de%20Itens/OrdenarPorTri/1.%20Itens%20BNI_/57985.png
4;LC;58085;A;27;Linguagens Branco PPL;0;;1.192;1.2538;0.1847;Branco;0;2017;1;0;N/A;625.3998279571533;719.658613204956;993.553876876831;59.24;https://niedsonemanoel.com.br/enem/An%C3%A1lise%20de%20Itens/OrdenarPorTri/1.%20Itens%20BNI_/58085.png
6;LC;58515;B;24;Linguagens Branco PPL;0;;0.4634;2.0412;0.2401;Branco;0;2017;1;0;N/A;704.0636539459229;926.2697696685791;1635.789155960083;62.0;https://niedsonemanoel.com.br/enem/An%C3%A1lise%20de%20Itens/OrdenarPorTri/1.%20Itens%20BNI_/58515.png
10;LC;58525;B;11;Linguagens Branco REGULAR;0;;0.9513;1.5961;0.2549;Branco;0;2017;1;0;N/A;659.5818996429443;765.0082111358643;1111.351728439331;62.74;https://niedsonemanoel.com.br/enem/An%C3%A1lise%20de%20Itens/OrdenarPorTri/1.%20Itens%20BNI_/58525.png
22;LC;58525;B;11;Linguagens Branco PPL;0;;0.9513;1.5961;0.2549;Branco;0;2017;1;0;N/A;659.5818996429443;765.0082111358643;1111.351728439331;62.74;https://niedsonemanoel.com.br/enem/An%C3%A1lise%20de%20Itens/OrdenarPorTri/1.%20Itens%20BNI_/58525.png
12;LC;58666;C;12;Linguagens Branco REGULAR;0;;0.8839;1.6406;0.1873;Branco;0;2017;1;0;N/A;664.0331745147705;790.7216548919678;1160.2013111114502;59.36;https://niedsonemanoel.com.br/enem/An%C3%A1lise%20de%20Itens/OrdenarPorTri/1.%20Itens%20BNI_/58666.png
29;LC;58704;D;2;Linguagens Branco PPL;0;;0.5529;2.0149;0.2025;Branco;0;2017;1;0;N/A;701.5364170074463;899.4357585906982;1491.1954402923584;60.13;https://niedsonemanoel.com.br/enem/An%C3%A1lise%20de%20Itens/OrdenarPorTri/1.%20Itens%20BNI_/58704.png
2;LC;58719;B;3;Linguagens Branco REGULAR;0;;2.6601;1.9623;0.2429;Branco;0;2017;1;0;N/A;696.2196826934814;734.7409725189209;858.3896160125732;62.14;https://niedsonemanoel.com.br/enem/An%C3%A1lise%20de%20Itens/OrdenarPorTri/1.%20Itens%20BNI_/58719.png
28;LC;58844;D;4;Linguagens Branco PPL;0;;1.5993;0.5085;0.1457;Branco;0;2017;1;0;N/A;550.8344173431396;624.9611377716064;828.2153606414795;57.28;https://niedsonemanoel.com.br/enem/An%C3%A1lise%20de%20Itens/OrdenarPorTri/1.%20Itens%20BNI_/58844.png
19;LC;58865;C;11;Linguagens Branco PPL;0;;0.8036;1.4846;0.1943;Branco;0;2017;1;0;N/A;648.4906673431396;786.3490581512451;1193.0887699127197;59.72;https://niedsonemanoel.com.br/enem/An%C3%A1lise%20de%20Itens/OrdenarPorTri/1.%20Itens%20BNI_/58865.png
10;LC;58886;D;2;Linguagens Branco PPL;0;;0.9928;1.6054;0.2053;Branco;0;2017;1;0;N/A;660.5141162872314;770.30348777771;1099.9743938446045;60.26;https://niedsonemanoel.com.br/enem/An%C3%A1lise%20de%20Itens/OrdenarPorTri/1.%20Itens%20BNI_/58886.png
3;CN;58950;D;18;Natureza Rosa PPL;0;;0.8938;0.6452;0.2242;Rosa;0;2017;1;0;N/A;564.5196437835693;682.8277111053467;1049.9017238616943;61.21;https://niedsonemanoel.com.br/enem/An%C3%A1lise%20de%20Itens/OrdenarPorTri/1.%20Itens%20BNI_/58950.png
11;CN;59071;D;2;Natureza Rosa REGULAR;0;;1.8918;0.9566;0.1642;Rosa;0;2017;1;0;N/A;595.6594944000244;656.7947864532471;828.9711475372314;58.21;https://niedsonemanoel.com.br/enem/An%C3%A1lise%20de%20Itens/OrdenarPorTri/1.%20Itens%20BNI_/59071.png
15;LC;71323;D;15;Linguagens Branco REGULAR;0;;1.0869;0.8282;0.1426;Branco;0;2017;1;0;N/A;582.8206539154053;692.3024654388428;991.2841320037842;57.13;https://niedsonemanoel.com.br/enem/An%C3%A1lise%20de%20Itens/OrdenarPorTri/1.%20Itens%20BNI_/71323.png
15;LC;71875;C;15;Linguagens Branco PPL;0;;0.7258;1.4339;0.2906;Branco;0;2017;1;0;N/A;643.3908939361572;772.2012996673584;1228.6250591278076;64.53;https://niedsonemanoel.com.br/enem/An%C3%A1lise%20de%20Itens/OrdenarPorTri/1.%20Itens%20BNI_/71875.png
16;LC;71916;B;16;Linguagens Branco PPL;0;;1.6218;1.7074;0.1508;Branco;0;2017;1;0;N/A;670.7398891448975;743.3407306671143;943.8841342926025;57.54;https://niedsonemanoel.com.br/enem/An%C3%A1lise%20de%20Itens/OrdenarPorTri/1.%20Itens%20BNI_/71916.png
30;LC;72036;C;1;Linguagens Branco PPL;0;;0.828;0.1671;0.2013;Branco;0;2017;1;0;N/A;516.7405605316162;649.1296291351318;1044.2225933074951;60.07;https://niedsonemanoel.com.br/enem/An%C3%A1lise%20de%20Itens/OrdenarPorTri/1.%20Itens%20BNI_/72036.png
3;LC;72116;B;3;Linguagens Branco REGULAR;0;;0.9312;0.5284;0.2569;Branco;0;2017;1;0;N/A;552.8109073638916;660.1183414459229;1014.0411853790283;62.84;https://niedsonemanoel.com.br/enem/An%C3%A1lise%20de%20Itens/OrdenarPorTri/1.%20Itens%20BNI_/72116.png
5;LC;73340;A;7;Linguagens Branco REGULAR;0;;1.4005;2.7213;0.3463;Branco;0;2017;1;0;N/A;772.1512317657471;830.6186199188232;1069.4997310638428;67.32;https://niedsonemanoel.com.br/enem/An%C3%A1lise%20de%20Itens/OrdenarPorTri/1.%20Itens%20BNI_/73340.png
27;LC;73632;D;3;Linguagens Branco PPL;0;;1.1625;0.7091;0.1774;Branco;0;2017;1;0;N/A;570.9092617034912;668.5941219329834;949.2032527923584;58.87;https://niedsonemanoel.com.br/enem/An%C3%A1lise%20de%20Itens/OrdenarPorTri/1.%20Itens%20BNI_/73632.png
14;LC;74057;B;18;Linguagens Branco PPL;0;;0.6715;1.6351;0.1547;Branco;0;2017;1;0;N/A;663.5444164276123;837.9547595977783;1322.514295578003;57.74;https://niedsonemanoel.com.br/enem/An%C3%A1lise%20de%20Itens/OrdenarPorTri/1.%20Itens%20BNI_/74057.png
4;CH;74086;A;5;Humanas Azul PPL;0;;1.1146;1.9763;0.225;Azul;0;2017;1;0;N/A;697.6311206817627;792.3762798309326;1086.763620376587;61.25;https://niedsonemanoel.com.br/enem/An%C3%A1lise%20de%20Itens/OrdenarPorTri/1.%20Itens%20BNI_/74086.png
30;CH;74360;A;12;Humanas Azul REGULAR;0;;0.5852;0.945;0.2934;Azul;0;2017;1;0;N/A;594.5007801055908;753.3185482025146;1319.6580410003662;64.67;https://niedsonemanoel.com.br/enem/An%C3%A1lise%20de%20Itens/OrdenarPorTri/1.%20Itens%20BNI_/74360.png
23;CH;74463;C;16;Humanas Azul PPL;0;;0.9697;0.8889;0.173;Azul;0;2017;1;0;N/A;588.890790939331;706.7244052886963;1042.9542064666748;58.65;https://niedsonemanoel.com.br/enem/An%C3%A1lise%20de%20Itens/OrdenarPorTri/1.%20Itens%20BNI_/74463.png
7;CH;74475;A;9;Humanas Azul PPL;0;;0.6055;1.092;0.2522;Azul;0;2017;1;0;N/A;609.1992855072021;775.6059169769287;1319.5364475250244;62.61;https://niedsonemanoel.com.br/enem/An%C3%A1lise%20de%20Itens/OrdenarPorTri/1.%20Itens%20BNI_/74475.png
21;CH;74782;A;17;Humanas Azul REGULAR;0;;1.1661;1.6691;0.1583;Azul;0;2017;1;0;N/A;666.9299602508545;766.8845653533936;1046.027421951294;57.92;https://niedsonemanoel.com.br/enem/An%C3%A1lise%20de%20Itens/OrdenarPorTri/1.%20Itens%20BNI_/74782.png
26;CH;74785;B;18;Humanas Azul REGULAR;0;;1.0796;2.298;0.157;Azul;0;2017;1;0;N/A;729.8009395599365;837.9714488983154;1139.4374370574951;57.85;https://niedsonemanoel.com.br/enem/An%C3%A1lise%20de%20Itens/OrdenarPorTri/1.%20Itens%20BNI_/74785.png
6;CH;74938;C;27;Humanas Azul PPL;0;;1.4361;1.3565;0.2588;Azul;0;2017;1;0;N/A;635.6494426727295;704.9672603607178;934.5214366912842;62.94;https://niedsonemanoel.com.br/enem/An%C3%A1lise%20de%20Itens/OrdenarPorTri/1.%20Itens%20BNI_/74938.png
5;CH;74968;B;13;Humanas Azul PPL;0;;1.4647;1.0994;0.2146;Azul;0;2017;1;0;N/A;609.940767288208;683.2640171051025;906.9840908050537;60.73;https://niedsonemanoel.com.br/enem/An%C3%A1lise%20de%20Itens/OrdenarPorTri/1.%20Itens%20BNI_/74968.png
10;CH;75010;D;6;Humanas Azul PPL;0;;1.5268;2.4825;0.1929;Azul;0;2017;1;0;N/A;748.2330799102783;820.974588394165;1035.0196361541748;59.64;https://niedsonemanoel.com.br/enem/An%C3%A1lise%20de%20Itens/OrdenarPorTri/1.%20Itens%20BNI_/75010.png
29;CH;75102;D;13;Humanas Azul REGULAR;0;;1.8212;0.9981;0.3081;Azul;0;2017;1;0;N/A;599.7936725616455;649.2249965667725;831.650972366333;65.4;https://niedsonemanoel.com.br/enem/An%C3%A1lise%20de%20Itens/OrdenarPorTri/1.%20Itens%20BNI_/75102.png
5;CH;75118;D;3;Humanas Azul REGULAR;0;;1.517;1.2105;0.2104;Azul;0;2017;1;0;N/A;621.0510730743408;692.3167705535889;908.2095623016357;60.52;https://niedsonemanoel.com.br/enem/An%C3%A1lise%20de%20Itens/OrdenarPorTri/1.%20Itens%20BNI_/75118.png
25;CH;75125;A;18;Humanas Azul PPL;0;;0.5527;1.8452;0.2551;Azul;0;2017;1;0;N/A;684.5681667327881;865.8640384674072;1462.003469467163;62.76;https://niedsonemanoel.com.br/enem/An%C3%A1lise%20de%20Itens/OrdenarPorTri/1.%20Itens%20BNI_/75125.png
1;CH;75160;D;23;Humanas Azul PPL;0;;1.2369;0.953;0.1757;Azul;0;2017;1;0;N/A;595.2804088592529;687.3290538787842;951.0080814361572;58.78;https://niedsonemanoel.com.br/enem/An%C3%A1lise%20de%20Itens/OrdenarPorTri/1.%20Itens%20BNI_/75160.png
13;CH;75295;B;15;Humanas Azul PPL;0;;1.1974;2.0009;0.1785;Azul;0;2017;1;0;N/A;700.0701427459717;794.7795391082764;1067.244291305542;58.92;https://niedsonemanoel.com.br/enem/An%C3%A1lise%20de%20Itens/OrdenarPorTri/1.%20Itens%20BNI_/75295.png
1;CH;75433;A;24;Humanas Azul REGULAR;0;;1.6845;1.5083;0.2115;Azul;0;2017;1;0;N/A;650.8462429046631;714.8997783660889;909.3515872955322;60.58;https://niedsonemanoel.com.br/enem/An%C3%A1lise%20de%20Itens/OrdenarPorTri/1.%20Itens%20BNI_/75433.png
24;CH;75477;C;17;Humanas Azul PPL;0;;0.6053;0.234;0.2058;Azul;0;2017;1;0;N/A;523.3995914459229;703.2935619354248;1244.0483570098877;60.29;https://niedsonemanoel.com.br/enem/An%C3%A1lise%20de%20Itens/OrdenarPorTri/1.%20Itens%20BNI_/75477.png
10;MT;75492;D;1;Matemática Amarela REGULAR;0;;1.0986;0.7148;0.127;Amarela;0;2017;1;0;N/A;571.479082107544;681.9312572479248;977.2531986236572;56.35;https://niedsonemanoel.com.br/enem/An%C3%A1lise%20de%20Itens/OrdenarPorTri/1.%20Itens%20BNI_/75492.png
3;CH;75550;C;8;Humanas Azul PPL;0;;1.1425;1.8405;0.2826;Azul;0;2017;1;0;N/A;684.0507984161377;767.2445774078369;1056.8301677703857;64.13;https://niedsonemanoel.com.br/enem/An%C3%A1lise%20de%20Itens/OrdenarPorTri/1.%20Itens%20BNI_/75550.png
3;MT;75604;C;6;Matemática Amarela REGULAR;0;;0.615;2.138;0.269;Amarela;0;2017;1;0;N/A;713.8006687164307;872.5707530975342;1409.4178676605225;63.45;https://niedsonemanoel.com.br/enem/An%C3%A1lise%20de%20Itens/OrdenarPorTri/1.%20Itens%20BNI_/75604.png
8;MT;75640;B;2;Matemática Amarela REGULAR;0;;1.2266;0.5072;0.1309;Amarela;0;2017;1;0;N/A;550.7009029388428;649.1725444793701;913.7814044952393;56.54;https://niedsonemanoel.com.br/enem/An%C3%A1lise%20de%20Itens/OrdenarPorTri/1.%20Itens%20BNI_/75640.png
30;MT;75646;B;2;Matemática Amarela PPL;0;;1.0427;0.4985;0.2032;Amarela;0;2017;1;0;N/A;549.8497486114502;654.6990871429443;968.512773513794;60.16;https://niedsonemanoel.com.br/enem/An%C3%A1lise%20de%20Itens/OrdenarPorTri/1.%20Itens%20BNI_/75646.png
24;CH;75674;C;23;Humanas Azul REGULAR;0;;1.143;1.2301;0.1287;Azul;0;2017;1;0;N/A;623.0299472808838;728.949785232544;1012.8490924835205;56.44;https://niedsonemanoel.com.br/enem/An%C3%A1lise%20de%20Itens/OrdenarPorTri/1.%20Itens%20BNI_/75674.png
9;MT;75712;C;7;Matemática Amarela REGULAR;0;;1.4867;2.557;0.1021;Amarela;0;2017;1;0;N/A;755.6860446929932;839.7619724273682;1057.4595928192139;55.1;https://niedsonemanoel.com.br/enem/An%C3%A1lise%20de%20Itens/OrdenarPorTri/1.%20Itens%20BNI_/75712.png
22;LC;75924;B;3;Linguagens Branco REGULAR;0;;0.7838;-0.1075;0.2328;Branco;0;2017;1;0;N/A;489.25089836120605;622.2431659698486;1041.309118270874;61.64;https://niedsonemanoel.com.br/enem/An%C3%A1lise%20de%20Itens/OrdenarPorTri/1.%20Itens%20BNI_/75924.png
9;MT;75996;C;4;Matemática Amarela PPL;0;;1.9314;1.8643;0.1739;Amarela;0;2017;1;0;N/A;686.4421367645264;745.5151081085205;914.344072341919;58.7;https://niedsonemanoel.com.br/enem/An%C3%A1lise%20de%20Itens/OrdenarPorTri/1.%20Itens%20BNI_/75996.png
7;CH;76127;A;25;Humanas Azul REGULAR;0;;0.8059;1.0455;0.1367;Azul;0;2017;1;0;N/A;604.5787334442139;753.3161640167236;1156.2960147857666;56.84;https://niedsonemanoel.com.br/enem/An%C3%A1lise%20de%20Itens/OrdenarPorTri/1.%20Itens%20BNI_/76127.png
11;CH;76128;C;30;Humanas Azul PPL;0;;0.9129;1.9879;0.244;Azul;0;2017;1;0;N/A;698.7898349761963;810.7893466949463;1171.147108078003;62.2;https://niedsonemanoel.com.br/enem/An%C3%A1lise%20de%20Itens/OrdenarPorTri/1.%20Itens%20BNI_/76128.png
11;MT;76131;C;1;Matemática Amarela PPL;0;;1.2065;1.5797;0.1818;Amarela;0;2017;1;0;N/A;657.9701900482178;751.5041828155518;1022.0162868499756;59.09;https://niedsonemanoel.com.br/enem/An%C3%A1lise%20de%20Itens/OrdenarPorTri/1.%20Itens%20BNI_/76131.png
5;MT;76155;C;20;Matemática Amarela PPL;0;;1.1671;1.7146;0.2379;Amarela;0;2017;1;0;N/A;671.4813709259033;760.0014209747314;1041.6333675384521;61.9;https://niedsonemanoel.com.br/enem/An%C3%A1lise%20de%20Itens/OrdenarPorTri/1.%20Itens%20BNI_/76155.png
26;LC;76194;A;3;Linguagens Branco REGULAR;0;;1.4467;0.4179;0.1901;Branco;0;2017;1;0;N/A;541.7721271514893;618.8600063323975;844.6805477142334;59.5;https://niedsonemanoel.com.br/enem/An%C3%A1lise%20de%20Itens/OrdenarPorTri/1.%20Itens%20BNI_/76194.png
25;MT;76360;B;5;Matemática Amarela PPL;0;;1.4966;2.1506;0.2561;Amarela;0;2017;1;0;N/A;715.0428295135498;781.907320022583;1002.09641456604;62.8;https://niedsonemanoel.com.br/enem/An%C3%A1lise%20de%20Itens/OrdenarPorTri/1.%20Itens%20BNI_/76360.png
4;CH;76456;D;6;Humanas Azul REGULAR;0;;1.0879;1.247;0.1581;Azul;0;2017;1;0;N/A;624.6774196624756;731.8894863128662;1031.090497970581;57.9;https://niedsonemanoel.com.br/enem/An%C3%A1lise%20de%20Itens/OrdenarPorTri/1.%20Itens%20BNI_/76456.png
13;CH;76478;C;20;Humanas Azul REGULAR;0;;1.5321;1.8093;0.1893;Azul;0;2017;1;0;N/A;680.9132099151611;753.7906169891357;967.00119972229;59.46;https://niedsonemanoel.com.br/enem/An%C3%A1lise%20de%20Itens/OrdenarPorTri/1.%20Itens%20BNI_/76478.png
27;CH;76487;D;26;Humanas Azul REGULAR;0;;0.6144;1.1735;0.2957;Azul;0;2017;1;0;N/A;617.3031330108643;767.8787708282471;1307.5058460235596;64.78;https://niedsonemanoel.com.br/enem/An%C3%A1lise%20de%20Itens/OrdenarPorTri/1.%20Itens%20BNI_/76487.png
6;MT;76493;D;16;Matemática Amarela PPL;0;;1.0576;2.922;0.2054;Amarela;0;2017;1;0;N/A;792.1998500823975;895.2229022979736;1204.6997547149658;60.27;https://niedsonemanoel.com.br/enem/An%C3%A1lise%20de%20Itens/OrdenarPorTri/1.%20Itens%20BNI_/76493.png
16;CH;76495;A;7;Humanas Azul PPL;0;;0.6995;0.7204;0.2334;Azul;0;2017;1;0;N/A;572.0393657684326;720.9079265594482;1190.5186176300049;61.67;https://niedsonemanoel.com.br/enem/An%C3%A1lise%20de%20Itens/OrdenarPorTri/1.%20Itens%20BNI_/76495.png
29;CN;76500;D;6;Natureza Rosa PPL;0;;1.5394;3.1695;0.1335;Rosa;0;2017;1;0;N/A;816.9643878936768;895.1442241668701;1106.0421466827393;56.68;https://niedsonemanoel.com.br/enem/An%C3%A1lise%20de%20Itens/OrdenarPorTri/1.%20Itens%20BNI_/76500.png
15;CH;76508;C;11;Humanas Azul PPL;0;;1.2364;1.0258;0.1855;Azul;0;2017;1;0;N/A;602.5998592376709;693.3681964874268;957.4525356292725;59.28;https://niedsonemanoel.com.br/enem/An%C3%A1lise%20de%20Itens/OrdenarPorTri/1.%20Itens%20BNI_/76508.png
19;CH;76522;D;27;Humanas Azul REGULAR;0;;0.8789;1.3102;0.1443;Azul;0;2017;1;0;N/A;631.0455799102783;766.1192417144775;1135.920763015747;57.22;https://niedsonemanoel.com.br/enem/An%C3%A1lise%20de%20Itens/OrdenarPorTri/1.%20Itens%20BNI_/76522.png
12;CH;76543;A;24;Humanas Azul PPL;0;;0.5322;0.6868;0.3156;Azul;0;2017;1;0;N/A;568.6800479888916;734.8935604095459;1359.9698543548584;65.78;https://niedsonemanoel.com.br/enem/An%C3%A1lise%20de%20Itens/OrdenarPorTri/1.%20Itens%20BNI_/76543.png
6;CH;76557;A;21;Humanas Azul REGULAR;0;;1.3414;0.7727;0.2452;Azul;0;2017;1;0;N/A;577.2702693939209;653.3305644989014;898.6155986785889;62.26;https://niedsonemanoel.com.br/enem/An%C3%A1lise%20de%20Itens/OrdenarPorTri/1.%20Itens%20BNI_/76557.png
17;MT;76712;D;12;Matemática Amarela REGULAR;0;;1.5956;2.9015;0.1427;Amarela;0;2017;1;0;N/A;790.1637554168701;864.7196292877197;1068.3815479278564;57.14;https://niedsonemanoel.com.br/enem/An%C3%A1lise%20de%20Itens/OrdenarPorTri/1.%20Itens%20BNI_/76712.png
19;CH;76842;D;2;Humanas Azul PPL;0;;1.0614;2.0436;0.1929;Azul;0;2017;1;0;N/A;704.3378353118896;808.9749813079834;1116.8711185455322;59.64;https://niedsonemanoel.com.br/enem/An%C3%A1lise%20de%20Itens/OrdenarPorTri/1.%20Itens%20BNI_/76842.png
2;CH;76844;B;2;Humanas Azul REGULAR;0;;0.8079;1.2798;0.1653;Azul;0;2017;1;0;N/A;627.95090675354;770.923376083374;1174.1416454315186;58.26;https://niedsonemanoel.com.br/enem/An%C3%A1lise%20de%20Itens/OrdenarPorTri/1.%20Itens%20BNI_/76844.png
4;MT;76983;D;24;Matemática Amarela REGULAR;0;;0.8245;0.4827;0.1753;Amarela;0;2017;1;0;N/A;548.2404232025146;686.4087581634521;1081.9547176361084;58.76;https://niedsonemanoel.com.br/enem/An%C3%A1lise%20de%20Itens/OrdenarPorTri/1.%20Itens%20BNI_/76983.png
19;CN;77049;D;14;Natureza Rosa PPL;0;;0.8672;0.1029;0.2364;Rosa;0;2017;1;0;N/A;510.28895378112793;629.7581195831299;1008.7077617645264;61.82;https://niedsonemanoel.com.br/enem/An%C3%A1lise%20de%20Itens/OrdenarPorTri/1.%20Itens%20BNI_/77049.png
14;CN;77071;D;24;Natureza Rosa REGULAR;0;;1.6713;2.5676;0.1382;Rosa;0;2017;1;0;N/A;756.7589282989502;828.3607959747314;1022.7077007293701;56.91;https://niedsonemanoel.com.br/enem/An%C3%A1lise%20de%20Itens/OrdenarPorTri/1.%20Itens%20BNI_/77071.png
22;CN;77091;C;16;Natureza Rosa REGULAR;0;;1.2339;2.3977;0.1517;Rosa;0;2017;1;0;N/A;739.7501468658447;835.0794315338135;1098.6964702606201;57.58;https://niedsonemanoel.com.br/enem/An%C3%A1lise%20de%20Itens/OrdenarPorTri/1.%20Itens%20BNI_/77091.png
1;CN;77093;D;25;Natureza Rosa PPL;0;;0.684;1.3562;0.1834;Rosa;0;2017;1;0;N/A;635.6208324432373;800.225019454956;1277.4674892425537;59.17;https://niedsonemanoel.com.br/enem/An%C3%A1lise%20de%20Itens/OrdenarPorTri/1.%20Itens%20BNI_/77093.png
18;MT;77124;D;10;Matemática Amarela REGULAR;0;;0.7795;1.6169;0.1865;Amarela;0;2017;1;0;N/A;661.658525466919;805.4821491241455;1224.409818649292;59.32;https://niedsonemanoel.com.br/enem/An%C3%A1lise%20de%20Itens/OrdenarPorTri/1.%20Itens%20BNI_/77124.png
18;CN;77193;A;23;Natureza Rosa PPL;0;;1.5818;2.8232;0.1779;Rosa;0;2017;1;0;N/A;782.3364734649658;854.0599346160889;1060.2967739105225;58.9;https://niedsonemanoel.com.br/enem/An%C3%A1lise%20de%20Itens/OrdenarPorTri/1.%20Itens%20BNI_/77193.png
23;MT;77216;D;11;Matemática Amarela PPL;0;;2.3209;2.1907;0.1811;Amarela;0;2017;1;0;N/A;719.0816402435303;767.7428722381592;908.3549976348877;59.06;https://niedsonemanoel.com.br/enem/An%C3%A1lise%20de%20Itens/OrdenarPorTri/1.%20Itens%20BNI_/77216.png
11;CH;77284;B;1;Humanas Azul REGULAR;0;;1.346;1.381;0.3084;Azul;0;2017;1;0;N/A;638.1003856658936;704.9171924591064;951.7590999603271;65.42;https://niedsonemanoel.com.br/enem/An%C3%A1lise%20de%20Itens/OrdenarPorTri/1.%20Itens%20BNI_/77284.png
19;MT;77341;A;30;Matemática Amarela REGULAR;0;;1.1923;2.9997;0.2191;Amarela;0;2017;1;0;N/A;799.9913692474365;889.3983364105225;1164.3903255462646;60.96;https://niedsonemanoel.com.br/enem/An%C3%A1lise%20de%20Itens/OrdenarPorTri/1.%20Itens%20BNI_/77341.png
7;MT;77446;B;26;Matemática Amarela REGULAR;0;;1.5434;2.4039;0.2259;Amarela;0;2017;1;0;N/A;740.405797958374;808.7127208709717;1021.3344097137451;61.3;https://niedsonemanoel.com.br/enem/An%C3%A1lise%20de%20Itens/OrdenarPorTri/1.%20Itens%20BNI_/77446.png
21;MT;77520;D;23;Matemática Amarela PPL;0;;1.5395;2.3803;0.1923;Amarela;0;2017;1;0;N/A;738.0144596099854;810.2195262908936;1022.4835872650146;59.61;https://niedsonemanoel.com.br/enem/An%C3%A1lise%20de%20Itens/OrdenarPorTri/1.%20Itens%20BNI_/77520.png
17;CH;77558;C;30;Humanas Azul REGULAR;0;;0.6753;2.4322;0.2829;Azul;0;2017;1;0;N/A;743.1786060333252;883.8860988616943;1373.8410472869873;64.14;https://niedsonemanoel.com.br/enem/An%C3%A1lise%20de%20Itens/OrdenarPorTri/1.%20Itens%20BNI_/77558.png
25;CH;77595;C;28;Humanas Azul REGULAR;0;;0.8631;1.6475;0.2402;Azul;0;2017;1;0;N/A;664.7508144378662;784.0006351470947;1164.9506092071533;62.01;https://niedsonemanoel.com.br/enem/An%C3%A1lise%20de%20Itens/OrdenarPorTri/1.%20Itens%20BNI_/77595.png
27;MT;77694;C;19;Matemática Amarela PPL;0;;1.5443;0.8737;0.1813;Amarela;0;2017;1;0;N/A;587.352991104126;660.4974269866943;871.8245029449463;59.06;https://niedsonemanoel.com.br/enem/An%C3%A1lise%20de%20Itens/OrdenarPorTri/1.%20Itens%20BNI_/77694.png
12;MT;77740;A;21;Matemática Amarela PPL;0;;1.6428;2.8326;0.1214;Amarela;0;2017;1;0;N/A;783.2591533660889;857.6266765594482;1055.0086498260498;56.07;https://niedsonemanoel.com.br/enem/An%C3%A1lise%20de%20Itens/OrdenarPorTri/1.%20Itens%20BNI_/77740.png
2;CN;77825;D;19;Natureza Rosa REGULAR;0;;0.6261;3.8026;0.1448;Rosa;0;2017;1;0;N/A;880.2597522735596;1069.7858333587646;1588.930368423462;57.24;https://niedsonemanoel.com.br/enem/An%C3%A1lise%20de%20Itens/OrdenarPorTri/1.%20Itens%20BNI_/77825.png
6;MT;77888;B;25;Matemática Amarela REGULAR;0;;0.7351;0.502;0.1882;Amarela;0;2017;1;0;N/A;550.2002239227295;702.2993564605713;1146.6186046600342;59.41;https://niedsonemanoel.com.br/enem/An%C3%A1lise%20de%20Itens/OrdenarPorTri/1.%20Itens%20BNI_/77888.png
12;CN;77978;D;27;Natureza Rosa PPL;0;;0.9207;1.8208;0.2994;Rosa;0;2017;1;0;N/A;682.0790767669678;781.7308902740479;1142.0528888702393;64.97;https://niedsonemanoel.com.br/enem/An%C3%A1lise%20de%20Itens/OrdenarPorTri/1.%20Itens%20BNI_/77978.png
8;CN;78127;A;5;Natureza Rosa REGULAR;0;;1.8968;2.9181;0.1147;Rosa;0;2017;1;0;N/A;791.820764541626;856.7373752593994;1027.573823928833;55.74;https://niedsonemanoel.com.br/enem/An%C3%A1lise%20de%20Itens/OrdenarPorTri/1.%20Itens%20BNI_/78127.png
21;CH;78133;B;26;Humanas Azul PPL;0;;0.8542;-0.055;0.1916;Azul;0;2017;1;0;N/A;494.50087547302246;624.739408493042;1007.2629451751709;59.58;https://niedsonemanoel.com.br/enem/An%C3%A1lise%20de%20Itens/OrdenarPorTri/1.%20Itens%20BNI_/78133.png
15;CH;78138;B;15;Humanas Azul REGULAR;0;;1.3291;1.5443;0.1761;Azul;0;2017;1;0;N/A;654.4106006622314;740.0267124176025;985.4238033294678;58.8;https://niedsonemanoel.com.br/enem/An%C3%A1lise%20de%20Itens/OrdenarPorTri/1.%20Itens%20BNI_/78138.png
8;CH;78173;B;29;Humanas Azul REGULAR;0;;0.8572;0.8489;0.2069;Azul;0;2017;1;0;N/A;584.918737411499;711.7025852203369;1093.6014652252197;60.35;https://niedsonemanoel.com.br/enem/An%C3%A1lise%20de%20Itens/OrdenarPorTri/1.%20Itens%20BNI_/78173.png
24;CN;78449;B;15;Natureza Rosa PPL;0;;0.8688;2.0099;0.2273;Rosa;0;2017;1;0;N/A;700.9594440460205;822.0808506011963;1199.8717784881592;61.36;https://niedsonemanoel.com.br/enem/An%C3%A1lise%20de%20Itens/OrdenarPorTri/1.%20Itens%20BNI_/78449.png
30;MT;78754;A;4;Matemática Amarela REGULAR;0;;1.5432;2.0832;0.2822;Amarela;0;2017;1;0;N/A;708.3194255828857;769.9625492095947;984.3413829803467;64.11;https://niedsonemanoel.com.br/enem/An%C3%A1lise%20de%20Itens/OrdenarPorTri/1.%20Itens%20BNI_/78754.png
27;MT;78767;D;14;Matemática Amarela REGULAR;0;;1.1689;3.3045;0.1978;Amarela;0;2017;1;0;N/A;830.4493427276611;924.7510433197021;1204.4970989227295;59.89;https://niedsonemanoel.com.br/enem/An%C3%A1lise%20de%20Itens/OrdenarPorTri/1.%20Itens%20BNI_/78767.png
20;CH;78861;C;19;Humanas Azul PPL;0;;1.7228;1.4168;0.256;Azul;0;2017;1;0;N/A;641.679048538208;699.7625827789307;891.0362720489502;62.8;https://niedsonemanoel.com.br/enem/An%C3%A1lise%20de%20Itens/OrdenarPorTri/1.%20Itens%20BNI_/78861.png
3;CH;79035;C;11;Humanas Azul REGULAR;0;;1.7431;0.9652;0.2654;Azul;0;2017;1;0;N/A;596.520185470581;652.9252529144287;842.2343730926514;63.27;https://niedsonemanoel.com.br/enem/An%C3%A1lise%20de%20Itens/OrdenarPorTri/1.%20Itens%20BNI_/79035.png
16;MT;79050;B;29;Matemática Amarela PPL;0;;0.79;1.2217;0.2471;Amarela;0;2017;1;0;N/A;622.2026348114014;750.8866786956787;1167.482614517212;62.36;https://niedsonemanoel.com.br/enem/An%C3%A1lise%20de%20Itens/OrdenarPorTri/1.%20Itens%20BNI_/79050.png
4;MT;79056;B;29;Matemática Amarela PPL;0;;0.7322;1.7601;0.1626;Amarela;0;2017;1;0;N/A;676.008939743042;834.3117237091064;1279.0839672088623;58.13;https://niedsonemanoel.com.br/enem/An%C3%A1lise%20de%20Itens/OrdenarPorTri/1.%20Itens%20BNI_/79056.png
15;MT;79061;C;17;Matemática Amarela REGULAR;0;;1.4791;2.892;0.2846;Amarela;0;2017;1;0;N/A;789.2005443572998;853.1992435455322;1076.9550800323486;64.23;https://niedsonemanoel.com.br/enem/An%C3%A1lise%20de%20Itens/OrdenarPorTri/1.%20Itens%20BNI_/79061.png
2;MT;79070;C;29;Matemática Amarela REGULAR;0;;0.9479;-0.2439;0.2002;Amarela;0;2017;1;0;N/A;475.61097145080566;591.475248336792;936.5432262420654;60.01;https://niedsonemanoel.com.br/enem/An%C3%A1lise%20de%20Itens/OrdenarPorTri/1.%20Itens%20BNI_/79070.png
7;CN;79207;C;2;Natureza Rosa PPL;0;;0.8057;0.835;0.172;Rosa;0;2017;1;0;N/A;583.5001468658447;725.5165576934814;1130.1391124725342;58.6;https://niedsonemanoel.com.br/enem/An%C3%A1lise%20de%20Itens/OrdenarPorTri/1.%20Itens%20BNI_/79207.png
1;CN;79210;B;15;Natureza Rosa REGULAR;0;;1.0847;-0.138;0.219;Rosa;0;2017;1;0;N/A;486.19914054870605;584.5158100128174;886.7805004119873;60.95;https://niedsonemanoel.com.br/enem/An%C3%A1lise%20de%20Itens/OrdenarPorTri/1.%20Itens%20BNI_/79210.png
16;CN;79217;B;3;Natureza Rosa PPL;0;;1.0061;3.9742;0.1742;Rosa;0;2017;1;0;N/A;897.42112159729;1010.7986927032471;1334.9096775054932;58.71;https://niedsonemanoel.com.br/enem/An%C3%A1lise%20de%20Itens/OrdenarPorTri/1.%20Itens%20BNI_/79217.png
10;CH;79249;D;7;Humanas Azul REGULAR;0;;0.6639;2.2445;0.1958;Azul;0;2017;1;0;N/A;724.4508266448975;890.9790515899658;1383.396863937378;59.79;https://niedsonemanoel.com.br/enem/An%C3%A1lise%20de%20Itens/OrdenarPorTri/1.%20Itens%20BNI_/79249.png
18;CN;79295;D;25;Natureza Rosa REGULAR;0;;0.8435;2.5118;0.3147;Rosa;0;2017;1;0;N/A;751.2156963348389;856.2724590301514;1250.5953311920166;65.74;https://niedsonemanoel.com.br/enem/An%C3%A1lise%20de%20Itens/OrdenarPorTri/1.%20Itens%20BNI_/79295.png
28;CH;79340;A;22;Humanas Azul REGULAR;0;;1.0403;0.1363;0.1636;Azul;0;2017;1;0;N/A;513.6291980743408;624.896764755249;937.9785060882568;58.18;https://niedsonemanoel.com.br/enem/An%C3%A1lise%20de%20Itens/OrdenarPorTri/1.%20Itens%20BNI_/79340.png
23;CH;79353;D;4;Humanas Azul REGULAR;0;;0.9934;1.3609;0.0909;Azul;0;2017;1;0;N/A;636.0666751861572;763.4990215301514;1088.9594554901123;54.54;https://niedsonemanoel.com.br/enem/An%C3%A1lise%20de%20Itens/OrdenarPorTri/1.%20Itens%20BNI_/79353.png
8;CH;79355;A;3;Humanas Azul PPL;0;;0.8544;1.7252;0.1822;Azul;0;2017;1;0;N/A;672.5208759307861;804.5237064361572;1186.5322589874268;59.11;https://niedsonemanoel.com.br/enem/An%C3%A1lise%20de%20Itens/OrdenarPorTri/1.%20Itens%20BNI_/79355.png
16;CH;79362;A;16;Humanas Azul REGULAR;0;;0.8351;0.8695;0.2232;Azul;0;2017;1;0;N/A;586.9500637054443;713.7815952301025;1106.604814529419;61.16;https://niedsonemanoel.com.br/enem/An%C3%A1lise%20de%20Itens/OrdenarPorTri/1.%20Itens%20BNI_/79362.png
24;MT;79366;B;27;Matemática Amarela REGULAR;0;;1.2783;1.7959;0.2329;Amarela;0;2017;1;0;N/A;679.5685291290283;761.1219882965088;1018.0799961090088;61.64;https://niedsonemanoel.com.br/enem/An%C3%A1lise%20de%20Itens/OrdenarPorTri/1.%20Itens%20BNI_/79366.png
19;CN;79367;B;14;Natureza Rosa REGULAR;0;;0.7493;2.5122;0.27;Rosa;0;2017;1;0;N/A;751.2204647064209;881.2825679779053;1321.9754695892334;63.5;https://niedsonemanoel.com.br/enem/An%C3%A1lise%20de%20Itens/OrdenarPorTri/1.%20Itens%20BNI_/79367.png
19;LC;79385;C;19;Linguagens Branco REGULAR;0;;1.0331;0.0509;0.1865;Branco;0;2017;1;0;N/A;505.0652027130127;613.5861873626709;929.6743869781494;59.32;https://niedsonemanoel.com.br/enem/An%C3%A1lise%20de%20Itens/OrdenarPorTri/1.%20Itens%20BNI_/79385.png
29;CN;79407;D;27;Natureza Rosa REGULAR;0;;0.6937;1.7495;0.1796;Rosa;0;2017;1;0;N/A;674.950361251831;838.1407260894775;1308.500051498413;58.98;https://niedsonemanoel.com.br/enem/An%C3%A1lise%20de%20Itens/OrdenarPorTri/1.%20Itens%20BNI_/79407.png
25;LC;79437;D;25;Linguagens Branco REGULAR;0;;0.907;1.4464;0.2321;Branco;0;2017;1;0;N/A;644.6115970611572;759.7033977508545;1121.8135356903076;61.6;https://niedsonemanoel.com.br/enem/An%C3%A1lise%20de%20Itens/OrdenarPorTri/1.%20Itens%20BNI_/79437.png
11;MT;79444;A;13;Matemática Amarela REGULAR;0;;1.4129;2.6395;0.152;Amarela;0;2017;1;0;N/A;763.9496326446533;847.1529483795166;1077.3794651031494;57.6;https://niedsonemanoel.com.br/enem/An%C3%A1lise%20de%20Itens/OrdenarPorTri/1.%20Itens%20BNI_/79444.png
10;CN;79487;A;23;Natureza Rosa REGULAR;0;;1.865;2.9782;0.0712;Rosa;0;2017;1;0;N/A;797.8193759918213;867.1538829803467;1040.2052402496338;53.56;https://niedsonemanoel.com.br/enem/An%C3%A1lise%20de%20Itens/OrdenarPorTri/1.%20Itens%20BNI_/79487.png
2;CN;79516;A;19;Natureza Rosa PPL;0;;1.7021;2.9695;0.1416;Rosa;0;2017;1;0;N/A;796.9491481781006;866.9512271881104;1057.8482151031494;57.08;https://niedsonemanoel.com.br/enem/An%C3%A1lise%20de%20Itens/OrdenarPorTri/1.%20Itens%20BNI_/79516.png
2;MT;79522;C;9;Matemática Amarela PPL;0;;0.7726;3.083;0.3116;Amarela;0;2017;1;0;N/A;808.300256729126;923.8593578338623;1354.1381359100342;65.58;https://niedsonemanoel.com.br/enem/An%C3%A1lise%20de%20Itens/OrdenarPorTri/1.%20Itens%20BNI_/79522.png
15;CN;79559;A;3;Natureza Rosa PPL;0;;1.4774;1.9721;0.152;Rosa;0;2017;1;0;N/A;697.2091197967529;776.7813205718994;996.9561100006104;57.6;https://niedsonemanoel.com.br/enem/An%C3%A1lise%20de%20Itens/OrdenarPorTri/1.%20Itens%20BNI_/79559.png
20;CN;79578;B;23;Natureza Rosa REGULAR;0;;1.0284;2.4941;0.2083;Rosa;0;2017;1;0;N/A;749.4347095489502;854.8824787139893;1173.2618808746338;60.42;https://niedsonemanoel.com.br/enem/An%C3%A1lise%20de%20Itens/OrdenarPorTri/1.%20Itens%20BNI_/79578.png
28;CN;79585;B;21;Natureza Rosa REGULAR;0;;1.4275;1.8124;0.1477;Rosa;0;2017;1;0;N/A;681.2231540679932;764.054536819458;991.8205738067627;57.38;https://niedsonemanoel.com.br/enem/An%C3%A1lise%20de%20Itens/OrdenarPorTri/1.%20Itens%20BNI_/79585.png
13;MT;79605;C;6;Matemática Amarela PPL;0;;1.001;1.2386;0.3359;Amarela;0;2017;1;0;N/A;623.8906383514404;707.9546451568604;1041.5093898773193;66.8;https://niedsonemanoel.com.br/enem/An%C3%A1lise%20de%20Itens/OrdenarPorTri/1.%20Itens%20BNI_/79605.png
20;MT;79616;C;21;Matemática Amarela REGULAR;0;;1.0028;1.6231;0.1991;Amarela;0;2017;1;0;N/A;662.3356342315674;772.0129489898682;1098.1481075286865;59.96;https://niedsonemanoel.com.br/enem/An%C3%A1lise%20de%20Itens/OrdenarPorTri/1.%20Itens%20BNI_/79616.png
23;CN;79649;C;18;Natureza Rosa PPL;0;;0.6337;2.518;0.1427;Rosa;0;2017;1;0;N/A;751.837968826294;939.5592212677002;1452.364206314087;57.14;https://niedsonemanoel.com.br/enem/An%C3%A1lise%20de%20Itens/OrdenarPorTri/1.%20Itens%20BNI_/79649.png
9;CN;79653;D;8;Natureza Rosa PPL;0;;1.064;2.0947;0.1821;Rosa;0;2017;1;0;N/A;709.4471454620361;815.4861927032471;1122.2379207611084;59.1;https://niedsonemanoel.com.br/enem/An%C3%A1lise%20de%20Itens/OrdenarPorTri/1.%20Itens%20BNI_/79653.png
20;MT;79654;B;30;Matemática Amarela PPL;0;;0.8638;0.9967;0.2353;Amarela;0;2017;1;0;N/A;599.6387004852295;719.8350429534912;1100.217580795288;61.76;https://niedsonemanoel.com.br/enem/An%C3%A1lise%20de%20Itens/OrdenarPorTri/1.%20Itens%20BNI_/79654.png
26;CH;79671;D;21;Humanas Azul PPL;0;;1.0213;1.0403;0.302;Azul;0;2017;1;0;N/A;604.0303707122803;693.3562755584717;1018.3255672454834;65.1;https://niedsonemanoel.com.br/enem/An%C3%A1lise%20de%20Itens/OrdenarPorTri/1.%20Itens%20BNI_/79671.png
13;CN;79688;B;11;Natureza Rosa REGULAR;0;;1.0074;1.0049;0.169;Rosa;0;2017;1;0;N/A;600.4898548126221;714.5445346832275;1038.0451679229736;58.45;https://niedsonemanoel.com.br/enem/An%C3%A1lise%20de%20Itens/OrdenarPorTri/1.%20Itens%20BNI_/79688.png
6;CN;79707;D;23;Natureza Rosa PPL;0;;1.2765;3.5278;0.1523;Rosa;0;2017;1;0;N/A;852.7605533599854;944.8378086090088;1199.6715068817139;57.61;https://niedsonemanoel.com.br/enem/An%C3%A1lise%20de%20Itens/OrdenarPorTri/1.%20Itens%20BNI_/79707.png
28;MT;79710;C;23;Matemática Amarela REGULAR;0;;1.0721;1.9746;0.2755;Amarela;0;2017;1;0;N/A;697.4856853485107;787.3885631561279;1095.6494808197021;63.78;https://niedsonemanoel.com.br/enem/An%C3%A1lise%20de%20Itens/OrdenarPorTri/1.%20Itens%20BNI_/79710.png
16;MT;79719;A;3;Matemática Amarela REGULAR;0;;1.4876;1.564;0.1388;Amarela;0;2017;1;0;N/A;656.3990116119385;736.7794513702393;955.1398754119873;56.94;https://niedsonemanoel.com.br/enem/An%C3%A1lise%20de%20Itens/OrdenarPorTri/1.%20Itens%20BNI_/79719.png
18;CH;79749;A;9;Humanas Azul REGULAR;0;;1.0336;0.895;0.2217;Azul;0;2017;1;0;N/A;589.4749164581299;692.2261714935303;1009.5469951629639;61.08;https://niedsonemanoel.com.br/enem/An%C3%A1lise%20de%20Itens/OrdenarPorTri/1.%20Itens%20BNI_/79749.png
30;CH;79750;B;29;Humanas Azul PPL;0;;1.6778;1.3461;0.2458;Azul;0;2017;1;0;N/A;634.6099376678467;695.3566074371338;891.4773464202881;62.29;https://niedsonemanoel.com.br/enem/An%C3%A1lise%20de%20Itens/OrdenarPorTri/1.%20Itens%20BNI_/79750.png
10;MT;79770;B;7;Matemática Amarela PPL;0;;1.0009;2.8546;0.2119;Amarela;0;2017;1;0;N/A;785.4859828948975;893.2201862335205;1220.4949855804443;60.6;https://niedsonemanoel.com.br/enem/An%C3%A1lise%20de%20Itens/OrdenarPorTri/1.%20Itens%20BNI_/79770.png
12;MT;79822;B;22;Matemática Amarela REGULAR;0;;0.7522;1.1699;0.1171;Amarela;0;2017;1;0;N/A;617.0194149017334;780.2479267120361;1211.144208908081;55.86;https://niedsonemanoel.com.br/enem/An%C3%A1lise%20de%20Itens/OrdenarPorTri/1.%20Itens%20BNI_/79822.png
24;CN;79832;D;15;Natureza Rosa REGULAR;0;;1.5575;2.238;0.199;Rosa;0;2017;1;0;N/A;723.7999439239502;794.4433689117432;1004.4233798980713;59.95;https://niedsonemanoel.com.br/enem/An%C3%A1lise%20de%20Itens/OrdenarPorTri/1.%20Itens%20BNI_/79832.png
7;MT;79839;A;13;Matemática Amarela PPL;0;;1.3868;2.855;0.1565;Amarela;0;2017;1;0;N/A;785.4835987091064;869.7669506072998;1104.4399738311768;57.82;https://niedsonemanoel.com.br/enem/An%C3%A1lise%20de%20Itens/OrdenarPorTri/1.%20Itens%20BNI_/79839.png
26;MT;79840;D;18;Matemática Amarela REGULAR;0;;1.3086;1.9042;0.1071;Amarela;0;2017;1;0;N/A;690.4380321502686;785.3739261627197;1032.8190326690674;55.36;https://niedsonemanoel.com.br/enem/An%C3%A1lise%20de%20Itens/OrdenarPorTri/1.%20Itens%20BNI_/79840.png
16;LC;79842;A;16;Linguagens Branco REGULAR;0;;0.8795;1.8596;0.1906;Branco;0;2017;1;0;N/A;685.9605312347412;812.6418590545654;1184.114694595337;59.53;https://niedsonemanoel.com.br/enem/An%C3%A1lise%20de%20Itens/OrdenarPorTri/1.%20Itens%20BNI_/79842.png
18;MT;79866;C;25;Matemática Amarela PPL;0;;1.3898;1.081;0.1154;Amarela;0;2017;1;0;N/A;608.100175857544;696.6392993927002;929.8150539398193;55.77;https://niedsonemanoel.com.br/enem/An%C3%A1lise%20de%20Itens/OrdenarPorTri/1.%20Itens%20BNI_/79866.png
24;MT;79870;B;26;Matemática Amarela PPL;0;;0.7114;2.1112;0.1903;Amarela;0;2017;1;0;N/A;711.0850811004639;867.804765701294;1327.0394802093506;59.51;https://niedsonemanoel.com.br/enem/An%C3%A1lise%20de%20Itens/OrdenarPorTri/1.%20Itens%20BNI_/79870.png
14;MT;79871;D;15;Matemática Amarela PPL;0;;1.3884;2.5862;0.1645;Amarela;0;2017;1;0;N/A;758.6019039154053;841.8886661529541;1076.4973163604736;58.22;https://niedsonemanoel.com.br/enem/An%C3%A1lise%20de%20Itens/OrdenarPorTri/1.%20Itens%20BNI_/79871.png
14;MT;79933;C;28;Matemática Amarela REGULAR;0;;1.5011;1.2415;0.2473;Amarela;0;2017;1;0;N/A;624.131441116333;691.8661594390869;911.1206531524658;62.36;https://niedsonemanoel.com.br/enem/An%C3%A1lise%20de%20Itens/OrdenarPorTri/1.%20Itens%20BNI_/79933.png
3;MT;79941;D;12;Matemática Amarela PPL;0;;1.1569;2.9871;0.1932;Amarela;0;2017;1;0;N/A;798.7110614776611;894.6459293365479;1177.1361827850342;59.66;https://niedsonemanoel.com.br/enem/An%C3%A1lise%20de%20Itens/OrdenarPorTri/1.%20Itens%20BNI_/79941.png
28;MT;79942;A;22;Matemática Amarela PPL;0;;0.7504;2.0495;0.1962;Amarela;0;2017;1;0;N/A;704.9505710601807;852.1955013275146;1287.872076034546;59.81;https://niedsonemanoel.com.br/enem/An%C3%A1lise%20de%20Itens/OrdenarPorTri/1.%20Itens%20BNI_/79942.png
22;MT;79948;D;3;Matemática Amarela PPL;0;;1.2767;0.8885;0.1375;Amarela;0;2017;1;0;N/A;588.8693332672119;682.6632022857666;937.0582103729248;56.88;https://niedsonemanoel.com.br/enem/An%C3%A1lise%20de%20Itens/OrdenarPorTri/1.%20Itens%20BNI_/79948.png
1;MT;79954;A;8;Matemática Amarela PPL;0;;1.0715;1.6015;0.2716;Amarela;0;2017;1;0;N/A;660.149335861206;750.8199214935303;1059.0713024139404;63.58;https://niedsonemanoel.com.br/enem/An%C3%A1lise%20de%20Itens/OrdenarPorTri/1.%20Itens%20BNI_/79954.png
8;MT;79956;C;17;Matemática Amarela PPL;0;;1.2426;1.7145;0.1952;Amarela;0;2017;1;0;N/A;671.4503765106201;760.5044841766357;1023.5755443572998;59.76;https://niedsonemanoel.com.br/enem/An%C3%A1lise%20de%20Itens/OrdenarPorTri/1.%20Itens%20BNI_/79956.png
17;CH;79988;D;12;Humanas Azul PPL;0;;0.9625;0.5884;0.142;Azul;0;2017;1;0;N/A;558.8405132293701;682.567834854126;1020.1685428619385;57.1;https://niedsonemanoel.com.br/enem/An%C3%A1lise%20de%20Itens/OrdenarPorTri/1.%20Itens%20BNI_/79988.png
22;CN;80028;C;16;Natureza Rosa PPL;0;;1.386;2.996;0.2323;Rosa;0;2017;1;0;N/A;799.5812892913818;874.8714923858643;1111.8428707122803;61.61;https://niedsonemanoel.com.br/enem/An%C3%A1lise%20de%20Itens/OrdenarPorTri/1.%20Itens%20BNI_/80028.png
17;MT;80056;B;14;Matemática Amarela PPL;0;;1.2727;2.6351;0.2558;Amarela;0;2017;1;0;N/A;763.5109424591064;842.1604633331299;1101.0758876800537;62.79;https://niedsonemanoel.com.br/enem/An%C3%A1lise%20de%20Itens/OrdenarPorTri/1.%20Itens%20BNI_/80056.png
29;MT;80058;D;9;Matemática Amarela REGULAR;0;;1.0935;3.5135;0.149;Amarela;0;2017;1;0;N/A;851.3491153717041;959.2788219451904;1256.6535472869873;57.45;https://niedsonemanoel.com.br/enem/An%C3%A1lise%20de%20Itens/OrdenarPorTri/1.%20Itens%20BNI_/80058.png
19;MT;80059;B;10;Matemática Amarela PPL;0;;1.9964;2.4786;0.2153;Amarela;0;2017;1;0;N/A;747.8468418121338;801.59592628479;965.7471179962158;60.76;https://niedsonemanoel.com.br/enem/An%C3%A1lise%20de%20Itens/OrdenarPorTri/1.%20Itens%20BNI_/80059.png
15;CN;80126;D;16;Natureza Rosa REGULAR;0;;1.4097;1.0415;0.1878;Rosa;0;2017;1;0;N/A;604.149580001831;683.5095882415771;915.1928424835205;59.39;https://niedsonemanoel.com.br/enem/An%C3%A1lise%20de%20Itens/OrdenarPorTri/1.%20Itens%20BNI_/80126.png
10;CN;80133;C;19;Natureza Rosa PPL;0;;1.8685;2.9677;0.2086;Rosa;0;2017;1;0;N/A;796.7703342437744;854.7942638397217;1030.0319194793701;60.43;https://niedsonemanoel.com.br/enem/An%C3%A1lise%20de%20Itens/OrdenarPorTri/1.%20Itens%20BNI_/80133.png
16;CN;80152;A;8;Natureza Rosa REGULAR;0;;1.0136;1.3935;0.2426;Rosa;0;2017;1;0;N/A;639.3496990203857;740.4701709747314;1064.96262550354;62.13;https://niedsonemanoel.com.br/enem/An%C3%A1lise%20de%20Itens/OrdenarPorTri/1.%20Itens%20BNI_/80152.png
27;LC;80205;D;27;Linguagens Branco REGULAR;0;;0.8955;2.1204;0.1414;Branco;0;2017;1;0;N/A;712.0411396026611;845.1263904571533;1207.9637050628662;57.07;https://niedsonemanoel.com.br/enem/An%C3%A1lise%20de%20Itens/OrdenarPorTri/1.%20Itens%20BNI_/80205.png
28;LC;80230;C;28;Linguagens Branco REGULAR;0;;1.7809;1.1191;0.2047;Branco;0;2017;1;0;N/A;611.8957996368408;673.1574535369873;856.9257259368896;60.23;https://niedsonemanoel.com.br/enem/An%C3%A1lise%20de%20Itens/OrdenarPorTri/1.%20Itens%20BNI_/80230.png
21;CN;80276;A;28;Natureza Rosa PPL;0;;1.0529;0.5817;0.2074;Rosa;0;2017;1;0;N/A;558.1705570220947;661.3318920135498;972.2678661346436;60.37;https://niedsonemanoel.com.br/enem/An%C3%A1lise%20de%20Itens/OrdenarPorTri/1.%20Itens%20BNI_/80276.png
13;MT;80284;C;15;Matemática Amarela REGULAR;0;;1.1056;2.6812;0.2894;Amarela;0;2017;1;0;N/A;768.1195735931396;852.8940677642822;1152.4670124053955;64.47;https://niedsonemanoel.com.br/enem/An%C3%A1lise%20de%20Itens/OrdenarPorTri/1.%20Itens%20BNI_/80284.png
13;LC;80302;B;16;Linguagens Branco PPL;0;;2.541;1.6935;0.1598;Branco;0;2017;1;0;N/A;669.3499088287354;715.1381969451904;843.2619571685791;57.99;https://niedsonemanoel.com.br/enem/An%C3%A1lise%20de%20Itens/OrdenarPorTri/1.%20Itens%20BNI_/80302.png
9;CN;80361;A;12;Natureza Rosa REGULAR;0;;0.9494;0.8475;0.1679;Rosa;0;2017;1;0;N/A;584.7756862640381;705.9566974639893;1049.1769313812256;58.4;https://niedsonemanoel.com.br/enem/An%C3%A1lise%20de%20Itens/OrdenarPorTri/1.%20Itens%20BNI_/80361.png
21;CN;80398;D;17;Natureza Rosa REGULAR;0;;0.7661;1.4379;0.1751;Rosa;0;2017;1;0;N/A;643.822431564331;792.5002574920654;1218.1894779205322;58.76;https://niedsonemanoel.com.br/enem/An%C3%A1lise%20de%20Itens/OrdenarPorTri/1.%20Itens%20BNI_/80398.png
7;LC;80420;C;7;Linguagens Branco REGULAR;0;;1.8446;1.6222;0.1997;Branco;0;2017;1;0;N/A;662.2068881988525;721.8043804168701;899.1186618804932;59.98;https://niedsonemanoel.com.br/enem/An%C3%A1lise%20de%20Itens/OrdenarPorTri/1.%20Itens%20BNI_/80420.png
4;LC;80427;C;4;Linguagens Branco REGULAR;0;;0.6639;1.4572;0.1628;Branco;0;2017;1;0;N/A;645.7202434539795;820.2593326568604;1310.7984066009521;58.14;https://niedsonemanoel.com.br/enem/An%C3%A1lise%20de%20Itens/OrdenarPorTri/1.%20Itens%20BNI_/80427.png
7;LC;80468;C;25;Linguagens Branco PPL;0;;0.9477;2.5069;0.2143;Branco;0;2017;1;0;N/A;750.7174015045166;864.0687465667725;1209.8209857940674;60.72;https://niedsonemanoel.com.br/enem/An%C3%A1lise%20de%20Itens/OrdenarPorTri/1.%20Itens%20BNI_/80468.png
8;CN;80471;B;7;Natureza Rosa PPL;0;;1.1047;3.2409;0.1905;Rosa;0;2017;1;0;N/A;824.1121768951416;924.9608516693115;1220.7047939300537;59.53;https://niedsonemanoel.com.br/enem/An%C3%A1lise%20de%20Itens/OrdenarPorTri/1.%20Itens%20BNI_/80471.png
4;CN;80475;B;18;Natureza Rosa REGULAR;0;;1.1519;3.306;0.24;Rosa;0;2017;1;0;N/A;830.5995464324951;919.9850559234619;1205.4150104522705;62.0;https://niedsonemanoel.com.br/enem/An%C3%A1lise%20de%20Itens/OrdenarPorTri/1.%20Itens%20BNI_/80475.png
30;CN;80502;C;19;Natureza Rosa REGULAR;0;;0.8764;1.8101;0.1886;Rosa;0;2017;1;0;N/A;681.0109615325928;808.5124492645264;1181.213140487671;59.43;https://niedsonemanoel.com.br/enem/An%C3%A1lise%20de%20Itens/OrdenarPorTri/1.%20Itens%20BNI_/80502.png
29;LC;80523;A;28;Linguagens Branco REGULAR;0;;2.2553;1.3869;0.2396;Branco;0;2017;1;0;N/A;638.6892795562744;684.3750476837158;830.1513195037842;61.98;https://niedsonemanoel.com.br/enem/An%C3%A1lise%20de%20Itens/OrdenarPorTri/1.%20Itens%20BNI_/80523.png
25;CN;80524;B;6;Natureza Rosa REGULAR;0;;0.6697;1.5323;0.2883;Rosa;0;2017;1;0;N/A;653.270959854126;793.503999710083;1287.9793643951416;64.42;https://niedsonemanoel.com.br/enem/An%C3%A1lise%20de%20Itens/OrdenarPorTri/1.%20Itens%20BNI_/80524.png
1;LC;80535;B;1;Linguagens Branco REGULAR;0;;1.2333;0.9265;0.176;Branco;0;2017;1;0;N/A;592.6506519317627;684.9091053009033;949.3653774261475;58.8;https://niedsonemanoel.com.br/enem/An%C3%A1lise%20de%20Itens/OrdenarPorTri/1.%20Itens%20BNI_/80535.png
20;LC;80565;B;20;Linguagens Branco REGULAR;0;;1.3727;0.8774;0.2532;Branco;0;2017;1;0;N/A;587.7392292022705;661.0100269317627;900.9711742401123;62.66;https://niedsonemanoel.com.br/enem/An%C3%A1lise%20de%20Itens/OrdenarPorTri/1.%20Itens%20BNI_/80565.png
26;CN;80571;C;1;Natureza Rosa REGULAR;0;;1.4622;2.2299;0.2326;Rosa;0;2017;1;0;N/A;722.9893207550049;794.3027019500732;1018.9359188079834;61.63;https://niedsonemanoel.com.br/enem/An%C3%A1lise%20de%20Itens/OrdenarPorTri/1.%20Itens%20BNI_/80571.png
13;CN;80572;C;5;Natureza Rosa PPL;0;;0.7342;2.7394;0.3472;Rosa;0;2017;1;0;N/A;773.9393711090088;885.2355480194092;1340.984582901001;67.36;https://niedsonemanoel.com.br/enem/An%C3%A1lise%20de%20Itens/OrdenarPorTri/1.%20Itens%20BNI_/80572.png
28;CN;80573;C;6;Natureza Rosa PPL;0;;0.9911;0.9906;0.2316;Rosa;0;2017;1;0;N/A;599.0593433380127;704.4498920440674;1035.808801651001;61.58;https://niedsonemanoel.com.br/enem/An%C3%A1lise%20de%20Itens/OrdenarPorTri/1.%20Itens%20BNI_/80573.png
17;CN;80603;A;20;Natureza Rosa REGULAR;0;;1.4218;1.4552;0.182;Rosa;0;2017;1;0;N/A;645.5199718475342;724.8680591583252;954.4222354888916;59.1;https://niedsonemanoel.com.br/enem/An%C3%A1lise%20de%20Itens/OrdenarPorTri/1.%20Itens%20BNI_/80603.png
21;LC;80606;C;9;Linguagens Branco PPL;0;;0.7279;0.8717;0.2273;Branco;0;2017;1;0;N/A;587.1336460113525;731.701135635376;1182.6198101043701;61.36;https://niedsonemanoel.com.br/enem/An%C3%A1lise%20de%20Itens/OrdenarPorTri/1.%20Itens%20BNI_/80606.png
9;LC;80607;B;9;Linguagens Branco REGULAR;0;;1.3798;0.229;0.2275;Branco;0;2017;1;0;N/A;522.9179859161377;599.1213321685791;837.0058536529541;61.38;https://niedsonemanoel.com.br/enem/An%C3%A1lise%20de%20Itens/OrdenarPorTri/1.%20Itens%20BNI_/80607.png
17;CN;80611;A;11;Natureza Rosa PPL;0;;1.018;1.7201;0.2666;Rosa;0;2017;1;0;N/A;672.0106601715088;768.3699131011963;1092.578649520874;63.33;https://niedsonemanoel.com.br/enem/An%C3%A1lise%20de%20Itens/OrdenarPorTri/1.%20Itens%20BNI_/80611.png
6;CN;80642;C;20;Natureza Rosa REGULAR;0;;1.4697;3.3023;0.2004;Rosa;0;2017;1;0;N/A;830.2299976348877;904.9360752105713;1127.4974346160889;60.02;https://niedsonemanoel.com.br/enem/An%C3%A1lise%20de%20Itens/OrdenarPorTri/1.%20Itens%20BNI_/80642.png
14;CN;80665;C;17;Natureza Rosa PPL;0;;0.8579;2.8605;0.3402;Rosa;0;2017;1;0;N/A;786.0510349273682;883.0873966217041;1272.5965976715088;67.01;https://niedsonemanoel.com.br/enem/An%C3%A1lise%20de%20Itens/OrdenarPorTri/1.%20Itens%20BNI_/80665.png
5;CN;80685;A;3;Natureza Rosa REGULAR;0;;0.8362;0.3106;0.2185;Rosa;0;2017;1;0;N/A;531.0289859771729;658.6949825286865;1050.762414932251;60.92;https://niedsonemanoel.com.br/enem/An%C3%A1lise%20de%20Itens/OrdenarPorTri/1.%20Itens%20BNI_/80685.png
7;CN;80687;D;7;Natureza Rosa REGULAR;0;;1.0019;0.4805;0.1675;Rosa;0;2017;1;0;N/A;548.0735301971436;662.9674434661865;988.1894588470459;58.38;https://niedsonemanoel.com.br/enem/An%C3%A1lise%20de%20Itens/OrdenarPorTri/1.%20Itens%20BNI_/80687.png
11;CN;80695;C;24;Natureza Rosa PPL;0;;1.0081;1.6271;0.1521;Rosa;0;2017;1;0;N/A;662.6861095428467;779.308557510376;1101.9842624664307;57.6;https://niedsonemanoel.com.br/enem/An%C3%A1lise%20de%20Itens/OrdenarPorTri/1.%20Itens%20BNI_/80695.png
27;CN;80715;C;29;Natureza Rosa REGULAR;0;;0.8965;1.6029;0.2954;Rosa;0;2017;1;0;N/A;660.290002822876;763.5180950164795;1133.324384689331;64.77;https://niedsonemanoel.com.br/enem/An%C3%A1lise%20de%20Itens/OrdenarPorTri/1.%20Itens%20BNI_/80715.png
3;CN;80758;C;30;Natureza Rosa REGULAR;0;;1.5626;0.0284;0.1756;Rosa;0;2017;1;0;N/A;502.8407573699951;575.6967067718506;784.4130992889404;58.78;https://niedsonemanoel.com.br/enem/An%C3%A1lise%20de%20Itens/OrdenarPorTri/1.%20Itens%20BNI_/80758.png
5;CN;80961;B;30;Natureza Rosa PPL;0;;0.9762;0.6572;0.1755;Rosa;0;2017;1;0;N/A;565.7451152801514;682.3604106903076;1016.4468288421631;58.78;https://niedsonemanoel.com.br/enem/An%C3%A1lise%20de%20Itens/OrdenarPorTri/1.%20Itens%20BNI_/80961.png
23;CN;81028;C;17;Natureza Rosa REGULAR;0;;0.7448;1.3899;0.2386;Rosa;0;2017;1;0;N/A;638.9896869659424;777.5657176971436;1218.923807144165;61.93;https://niedsonemanoel.com.br/enem/An%C3%A1lise%20de%20Itens/OrdenarPorTri/1.%20Itens%20BNI_/81028.png
27;CN;81038;D;24;Natureza Rosa PPL;0;;0.826;2.1993;0.173;Rosa;0;2017;1;0;N/A;719.9304103851318;858.2632541656494;1252.9866695404053;58.65;https://niedsonemanoel.com.br/enem/An%C3%A1lise%20de%20Itens/OrdenarPorTri/1.%20Itens%20BNI_/81038.png
30;CN;81063;C;12;Natureza Rosa PPL;0;;0.9644;1.0197;0.2662;Rosa;0;2017;1;0;N/A;601.9704341888428;703.7632465362549;1045.9702014923096;63.31;https://niedsonemanoel.com.br/enem/An%C3%A1lise%20de%20Itens/OrdenarPorTri/1.%20Itens%20BNI_/81063.png
4;CN;81171;B;1;Natureza Rosa PPL;0;;1.1111;3.6439;0.2938;Rosa;0;2017;1;0;N/A;864.3906116485596;947.9658603668213;1246.2680339813232;64.69;https://niedsonemanoel.com.br/enem/An%C3%A1lise%20de%20Itens/OrdenarPorTri/1.%20Itens%20BNI_/81171.png
25;CN;81201;A;17;Natureza Rosa PPL;0;;0.8589;2.2748;0.2137;Rosa;0;2017;1;0;N/A;727.4501323699951;852.70094871521;1234.168291091919;60.68;https://niedsonemanoel.com.br/enem/An%C3%A1lise%20de%20Itens/OrdenarPorTri/1.%20Itens%20BNI_/81201.png
21;MT;81282;D;11;Matemática Amarela REGULAR;0;;1.4843;3.0981;0.2149;Amarela;0;2017;1;0;N/A;809.7927570343018;882.1313381195068;1102.9045581817627;60.74;https://niedsonemanoel.com.br/enem/An%C3%A1lise%20de%20Itens/OrdenarPorTri/1.%20Itens%20BNI_/81282.png
5;MT;81284;D;19;Matemática Amarela REGULAR;0;;1.3516;2.268;0.2088;Amarela;0;2017;1;0;N/A;726.7992496490479;806.9889545440674;1049.250841140747;60.44;https://niedsonemanoel.com.br/enem/An%C3%A1lise%20de%20Itens/OrdenarPorTri/1.%20Itens%20BNI_/81284.png
23;MT;81286;C;5;Matemática Amarela REGULAR;0;;1.5541;3.1251;0.2473;Amarela;0;2017;1;0;N/A;812.4940395355225;877.9184818267822;1089.6937847137451;62.36;https://niedsonemanoel.com.br/enem/An%C3%A1lise%20de%20Itens/OrdenarPorTri/1.%20Itens%20BNI_/81286.png
26;MT;81288;B;24;Matemática Amarela PPL;0;;1.1707;0.8464;0.1175;Amarela;0;2017;1;0;N/A;584.6588611602783;689.4867420196533;966.3574695587158;55.88;https://niedsonemanoel.com.br/enem/An%C3%A1lise%20de%20Itens/OrdenarPorTri/1.%20Itens%20BNI_/81288.png
15;MT;81290;B;18;Matemática Amarela PPL;0;;1.239;1.6772;0.3162;Amarela;0;2017;1;0;N/A;667.7191257476807;739.0158176422119;1007.5371265411377;65.81;https://niedsonemanoel.com.br/enem/An%C3%A1lise%20de%20Itens/OrdenarPorTri/1.%20Itens%20BNI_/81290.png
29;MT;81296;B;27;Matemática Amarela PPL;0;;1.9206;1.8673;0.1842;Amarela;0;2017;1;0;N/A;686.7306232452393;745.283842086792;915.264368057251;59.21;https://niedsonemanoel.com.br/enem/An%C3%A1lise%20de%20Itens/OrdenarPorTri/1.%20Itens%20BNI_/81296.png
22;MT;81304;D;16;Matemática Amarela REGULAR;0;;1.9275;1.6506;0.0963;Amarela;0;2017;1;0;N/A;665.0702953338623;730.327844619751;898.1482982635498;54.82;https://niedsonemanoel.com.br/enem/An%C3%A1lise%20de%20Itens/OrdenarPorTri/1.%20Itens%20BNI_/81304.png
25;MT;81311;A;20;Matemática Amarela REGULAR;0;;1.5399;3.2971;0.2267;Amarela;0;2017;1;0;N/A;829.7269344329834;898.0958461761475;1111.2253665924072;61.34;https://niedsonemanoel.com.br/enem/An%C3%A1lise%20de%20Itens/OrdenarPorTri/1.%20Itens%20BNI_/81311.png
1;MT;81317;C;8;Matemática Amarela REGULAR;0;;1.9236;2.1144;0.1174;Amarela;0;2017;1;0;N/A;711.4403247833252;775.2578258514404;943.7601566314697;55.87;https://niedsonemanoel.com.br/enem/An%C3%A1lise%20de%20Itens/OrdenarPorTri/1.%20Itens%20BNI_/81317.png
